BITCOIN;ETHEREUM;CARDANO;DECENTRALAND;MONERO
14093.61;776.08;0.75;0.1;357.18
15321.93;876.89;0.81;0.11;376.53
15583.89;963.06;1.08;0.16;395.26
15976.37;978.42;1.18;0.21;415.03
18336.92;1004.89;1.08;0.18;402.51
18343.66;1052.02;1.09;0.19;407.59
17039.87;1137.65;1.05;0.24;465.7
15900.37;1184.92;0.94;0.25;420.89
15604.72;1361.44;0.87;0.27;542.33
15509.27;1345.59;0.82;0.22;455.13
14050.57;1181.65;0.73;0.18;367.97
14759.29;1315.62;0.96;0.2;411.17
15193.31;1448.18;0.94;0.19;480.45
14476.59;1410;0.84;0.16;416.53
14412;1329.67;0.82;0.14;432.42
11723.91;1068.6;0.64;0.1;325.3
11415.39;1022.37;0.65;0.14;325.07
11569.42;1036.07;0.67;0.14;330.95
11758.47;1046.9;0.67;0.14;387.13
13260.27;1172.92;0.73;0.15;419.3
11703.5;1053.63;0.63;0.12;362.9
10991.6;1000.39;0.58;0.12;318.03
10894;991.67;0.56;0.15;309.33
11277.12;1056.88;0.62;0.14;323.69
11225.25;1059.32;0.64;0.14;317.15
11044.91;1048.8;0.62;0.14;324.62
11456.21;1095.78;0.63;0.14;326.9
11665.7;1237.32;0.63;0.14;329.95
11157.66;1169.63;0.59;0.13;315.82
11095.21;1161.91;0.59;0.13;314.38
9989.69;1058.1;0.5;0.11;273.61
10114.5;1106.14;0.5;0.13;270.24
9070.56;1021.27;0.41;0.1;241.3
8830.16;914.64;0.4;0.09;235.47
8994.91;941.8;0.45;0.1;246.86
8315.52;834.89;0.4;0.1;223.63
6852.05;684.31;0.31;0.07;179.28
7711.22;785.74;0.36;0.09;211.04
7611.61;751.89;0.33;0.1;208.4
8208.57;807.82;0.34;0.11;246.5
8650.72;871.33;0.38;0.12;256.41
8574.68;854.35;0.38;0.12;251.99
8168.64;817.29;0.36;0.12;232.74
8911.4;862.75;0.37;0.13;248.02
8518.27;833.78;0.35;0.11;233.76
9428.03;915.08;0.39;0.12;271.95
10112.58;928.29;0.39;0.14;303.98
10155.28;934.68;0.39;0.13;292.91
11006.65;964.28;0.41;0.14;324.64
10523.43;915.09;0.37;0.12;301.69
11103.09;928.29;0.37;0.13;315.75
11502.38;902.97;0.36;0.12;309.28
9973.59;809.13;0.32;0.11;283.38
10032.86;812.45;0.32;0.11;286.8
10301.88;864.67;0.33;0.11;286.97
9742.63;828.72;0.3;0.11;269.5
9699.52;842.63;0.33;0.11;279.72
10355.58;863.65;0.33;0.11;295.71
10709.39;869.26;0.33;0.11;303.51
10346.66;846.37;0.31;0.11;284.56
10859.55;855.68;0.3;0.11;310.93
11098.08;850.44;0.29;0.11;344.87
11356.04;844.26;0.29;0.11;354.15
11286.68;843.76;0.3;0.11;364.46
11526.42;840.15;0.3;0.11;374.38
10727.72;808.45;0.28;0.11;345.61
9999.68;752.59;0.24;0.09;340.53
9420.85;699.19;0.22;0.08;278.82
9276.34;710.89;0.21;0.08;279.18
8890.87;684.93;0.21;0.08;257.37
9512.46;713.2;0.22;0.09;280.9
9232.71;695.31;0.22;0.09;261.31
9216.53;684.64;0.22;0.1;251.25
8307.22;608.39;0.2;0.08;215.41
8359.37;612.44;0.19;0.09;215.87
8520.01;607.88;0.18;0.1;220.5
8063.41;560.11;0.16;0.09;200.93
8217.84;538.69;0.16;0.08;209.58
8640.52;555.08;0.19;0.09;217.04
8926.82;554.21;0.2;0.09;224.03
8970.32;561.15;0.22;0.09;219.76
8736.39;537.71;0.2;0.09;213.47
8824.59;538.11;0.19;0.09;214.41
8621.15;519.49;0.19;0.09;208.34
8478.64;519.38;0.18;0.09;212.27
8186.2;487.54;0.17;0.08;197.25
7836.76;449.05;0.16;0.08;189.05
7930.78;443.95;0.16;0.08;198.89
7126.9;385.33;0.15;0.07;177.15
6897.27;395.33;0.15;0.07;173.21
6975.28;395.8;0.16;0.07;180.19
6836.57;379.12;0.15;0.07;175.89
7080.42;384.83;0.16;0.07;177.98
7464.36;415.72;0.17;0.08;190.16
6845.32;380.28;0.16;0.07;170.79
6855.42;384.46;0.15;0.07;174.06
6628.75;369.91;0.14;0.07;162.03
6884.48;383.45;0.15;0.07;169.64
6984.81;396.98;0.16;0.07;173.3
6778.49;398.77;0.15;0.07;167.13
6829.32;412.69;0.16;0.08;165.8
6925.1;427.38;0.17;0.08;168.27
7836.4;488.61;0.21;0.09;190.37
7845.75;488.99;0.2;0.09;188.36
7897.72;495.11;0.2;0.1;188.6
8258.07;525.53;0.22;0.1;199.06
8031;507.11;0.26;0.1;193.84
7873.64;498.47;0.24;0.1;195.15
8097.42;517.37;0.26;0.1;227.67
8277.46;566.39;0.27;0.11;238.8
8499.45;590.27;0.29;0.12;253.75
8878.43;600.26;0.29;0.12;256.99
8769.01;617.2;0.28;0.17;271.23
8881.39;636.37;0.29;0.15;282.68
9716.49;705.03;0.31;0.15;295.73
8825.2;613.73;0.27;0.13;257.18
9221.87;657.06;0.29;0.14;267.71
8940.38;641.99;0.29;0.14;251.34
9249.66;672.6;0.36;0.15;259.13
9325.63;680.12;0.36;0.15;255.33
9198.19;662.73;0.34;0.15;240.88
9024.39;665.23;0.36;0.18;238.68
9122.65;676.55;0.37;0.18;247.78
9551.14;781.43;0.37;0.19;242.48
9634.54;777.91;0.36;0.18;240.82
9766.24;807.07;0.37;0.17;239.86
9583.87;785.89;0.35;0.16;235
9308.27;748.81;0.33;0.15;232.62
9149.52;744.32;0.32;0.15;222.33
9248.96;743.64;0.32;0.14;226.35
8969.94;717.41;0.3;0.14;216.36
8405.56;675.29;0.26;0.12;198.01
8480.58;683.17;0.27;0.12;202.24
8683.99;726.87;0.29;0.14;208.21
8696.97;727.8;0.27;0.14;214.28
8473.35;703.16;0.26;0.13;203.71
8343.13;702.45;0.26;0.12;199.47
8056.05;665.63;0.24;0.11;191.59
8202.83;686.21;0.24;0.12;204.11
8180.63;685.85;0.24;0.12;196.56
8443.26;703.81;0.25;0.13;202.2
8355;688.91;0.25;0.12;197.7
8009.3;641.1;0.22;0.11;176.39
7556.32;581.24;0.2;0.1;171.48
7563.44;597.85;0.21;0.1;171.52
7472.02;582.28;0.2;0.09;164.92
7328.87;580.48;0.2;0.09;164.13
7326.64;565.93;0.19;0.09;165.68
7111.07;511.62;0.17;0.08;149.48
7451.23;561.74;0.2;0.09;157.57
7380.85;555.35;0.21;0.1;154.57
7460.17;571.73;0.22;0.11;155.37
7487.08;573.83;0.22;0.1;157.11
7567.51;583.13;0.23;0.1;161.44
7639.88;609.29;0.23;0.1;168.07
7463.65;586.58;0.21;0.1;159.72
7569.01;600.68;0.22;0.1;166.41
7605.58;598.22;0.22;0.1;163.84
7613.78;595.13;0.21;0.1;162.86
7561.17;590.5;0.2;0.1;157.46
7415;581.12;0.2;0.1;153.36
6767.5;523;0.18;0.1;139.24
6880.13;529.13;0.18;0.1;137.98
6581.83;495.08;0.17;0.09;125.94
6334.1;474.86;0.16;0.1;121.36
6644.72;516.64;0.17;0.1;132.83
6406.81;485.43;0.16;0.1;122.47
6478.82;493.07;0.16;0.1;126.33
6418.85;491.4;0.16;0.11;122.99
6677.53;512.43;0.16;0.11;126.62
6708.68;532;0.17;0.1;125.66
6714.38;529.76;0.16;0.1;122.11
6690.83;520.67;0.16;0.1;123.01
6088.58;463.94;0.14;0.1;111.07
6169.44;472.98;0.14;0.09;115.62
6159.71;455.72;0.13;0.1;121.26
6241.85;458.93;0.14;0.1;126.72
6069.87;430.6;0.13;0.09;120.53
6117.04;437.88;0.13;0.09;128.44
5879.99;420.86;0.12;0.09;115.8
6182.26;432.51;0.13;0.08;126.59
6366.5;449.43;0.14;0.09;130.9
6312.88;447.68;0.14;0.09;128.55
6595.55;472.31;0.15;0.09;139.88
6497.61;459.7;0.15;0.17;138.3
6562.72;463.22;0.15;0.11;138.56
6537.74;466.88;0.15;0.1;138.41
6603.29;467.59;0.15;0.1;133.99
6759.84;481.52;0.15;0.1;134.31
6700.64;483.8;0.15;0.1;137.85
6648.26;469.7;0.14;0.1;135.33
6303.38;431.76;0.13;0.09;121.22
6373.23;443.03;0.13;0.1;124.72
6230.59;427.79;0.13;0.09;120.16
6248.4;431.27;0.14;0.09;122.15
6246.14;431.78;0.14;0.09;122.82
6349.7;446.61;0.14;0.09;123.66
6741.69;478.21;0.16;0.1;134.67
7303.37;497.18;0.17;0.12;143.65
7334.77;475.99;0.18;0.12;138.94
7442.8;464.79;0.18;0.12;139.71
7331.87;447.2;0.16;0.12;129.96
7379.14;458.08;0.16;0.13;131.81
7395.87;455.53;0.17;0.14;128.7
7705;447.92;0.16;0.13;133.49
8422.37;477.21;0.17;0.13;146.65
8144.55;468.74;0.17;0.14;142.38
7929.08;460.87;0.16;0.13;136.52
8145.33;467.96;0.17;0.13;140.28
8192.14;465.9;0.16;0.13;139.51
8197.59;466.42;0.16;0.13;135.2
8185.92;458.08;0.15;0.12;131.91
7738.25;432.35;0.14;0.11;122.29
7612.3;417.28;0.14;0.11;128.37
7540.63;410.93;0.13;0.1;122.54
7411.67;417.36;0.13;0.1;120.14
7009.01;406.88;0.13;0.09;113.85
7036.61;409.16;0.13;0.1;117.28
6926.12;404.82;0.13;0.09;113.59
6711.73;377.75;0.13;0.09;107.7
6259.53;353.65;0.11;0.08;94.27
6531.25;363.69;0.12;0.09;100.2
6166.59;332.49;0.12;0.08;91.39
6205.22;317.31;0.11;0.07;92.98
6318.41;317.96;0.11;0.06;93.31
6284;284.96;0.1;0.07;88.02
6212.23;277.75;0.09;0.07;84.14
6267.77;281.14;0.09;0.08;89.21
6309.39;286.32;0.1;0.07;90.94
6566.72;314.79;0.11;0.08;98.93
6382.06;293.18;0.1;0.07;98
6475.49;299.44;0.1;0.07;98.34
6242.88;271.06;0.09;0.06;93.95
6467.27;280.37;0.09;0.07;94.72
6336.66;269.25;0.09;0.07;89.82
6521.07;275.81;0.09;0.07;89.93
6684.38;281.73;0.09;0.07;93.64
6736.04;277.97;0.09;0.07;92.44
6728.29;273.5;0.09;0.07;95.08
6911.1;286.96;0.1;0.08;105.08
7075.98;296.3;0.11;0.08;107.73
7046.75;288.51;0.11;0.08;103.51
7024.15;285.1;0.1;0.08;102.67
7027.63;282.22;0.1;0.08;116.36
7211.27;295.65;0.11;0.08;121.82
7305.27;294.59;0.11;0.08;122.43
7260.9;288.85;0.1;0.07;135.56
7359.46;285.49;0.11;0.06;137.93
6764.93;232.6;0.09;0.06;115.42
6498.28;229.37;0.09;0.06;117.53
6397.82;215.43;0.08;0.06;111.47
6181.19;196.87;0.08;0.06;103.73
6260.76;195.88;0.08;0.06;105.5
6308.14;196.36;0.07;0.06;105.4
6278.92;184.08;0.07;0.07;105.42
6330.57;182.95;0.07;0.07;104.53
6486.46;211.83;0.07;0.07;112.11
6500.01;211.38;0.07;0.07;116.81
6530.22;223.05;0.07;0.06;119.37
6506.25;220.14;0.07;0.07;117.16
6250.12;196.58;0.06;0.07;107.21
6347.07;210.15;0.07;0.08;112.45
6383.75;209.14;0.07;0.08;109.58
6491.89;224.38;0.08;0.08;116.11
6753.83;247.41;0.09;0.08;123.74
6747.03;241.84;0.08;0.08;122.71
6711.03;244.78;0.09;0.07;122.76
6596.19;228.34;0.08;0.07;115.18
6441.31;219.5;0.08;0.08;116.49
6462.8;214.98;0.08;0.08;115.42
6704.7;229.22;0.09;0.07;119.52
6634.77;222.23;0.08;0.07;116.96
6606.07;231.74;0.08;0.07;114.83
6626.04;232.78;0.09;0.07;116.21
6598.84;231.14;0.08;0.07;114.62
6524.61;225.79;0.08;0.08;116.75
6499.26;220.47;0.08;0.08;114.84
6578.7;222.2;0.08;0.08;114.79
6621.19;228.04;0.08;0.08;115.11
6589.12;225.07;0.08;0.08;115.2
6584.83;225.66;0.08;0.08;113.58
6653.09;229.52;0.09;0.07;114.35
6633.75;227.97;0.09;0.07;113.72
6582.46;225.66;0.08;0.07;113.71
6234.37;192;0.07;0.07;102.32
6285.59;197.07;0.07;0.07;102.8
6314.88;201.05;0.07;0.07;104.71
6328.55;196.32;0.07;0.07;101.46
6659.88;212.2;0.08;0.07;106.41
6635.13;212.44;0.08;0.07;107.81
6635.74;211.08;0.08;0.07;108.39
6517.51;204.31;0.08;0.07;103.55
6483.83;203.98;0.08;0.07;105.09
6532.68;206.88;0.08;0.07;104.28
6529.67;206.31;0.08;0.07;104.67
6512.59;205.04;0.08;0.07;106.03
6472.8;204.08;0.08;0.07;107.43
6481.44;203.52;0.07;0.07;105.84
6458.19;202.35;0.07;0.08;105.63
6468.83;203.38;0.07;0.08;103.68
6457.06;203.19;0.07;0.07;102.84
6481.32;204.72;0.07;0.07;103.07
6292.65;195.75;0.07;0.08;99.49
6331.78;197.45;0.07;0.08;102.26
6366.72;198.64;0.07;0.08;103.16
6379.97;199.12;0.07;0.08;103.78
6425.44;202.28;0.07;0.08;106.61
6388.19;200.14;0.07;0.08;107.15
6351.06;206.81;0.08;0.08;112.86
6415.44;209.11;0.08;0.08;110.44
6474.85;219.16;0.08;0.09;112.97
6574.8;219.02;0.08;0.08;111.84
6490.45;213.41;0.08;0.1;109.69
6413.78;210.79;0.07;0.09;107.51
6429.9;212.97;0.08;0.1;105.93
6434.28;212.47;0.08;0.1;106.51
6411.35;211.66;0.08;0.09;105.87
6394.29;208.58;0.07;0.09;105.98
5788.61;184.02;0.07;0.09;93.92
5686.54;182.45;0.06;0.08;91.25
5609.96;176.02;0.06;0.09;89.49
5599.19;175.67;0.06;0.07;90.3
5638.86;177.73;0.06;0.06;89.66
4889.2;150.39;0.05;0.07;74.46
4450.71;131.48;0.05;0.06;67.59
4613.45;137.17;0.05;0.06;69.66
4307.39;126.07;0.04;0.05;66.05
4376.9;124.15;0.04;0.05;67.76
3895.84;114.29;0.04;0.05;59.83
4039.84;117.53;0.04;0.05;58.97
3811.92;109.43;0.04;0.06;54.47
3832.92;110.43;0.04;0.06;57.61
4267.24;122.45;0.04;0.06;63.64
4279.48;117.71;0.04;0.06;62.05
4009.69;113.4;0.04;0.06;58.81
4189.57;118.1;0.04;0.07;59.85
4124.59;115.94;0.04;0.07;59.87
3878.84;108.68;0.04;0.06;55.74
3943.69;109.85;0.04;0.05;57.74
3751.69;102.51;0.03;0.06;52.66
3466.76;91.1;0.03;0.06;46.39
3408.52;92.97;0.03;0.06;46.64
3424.71;90.68;0.03;0.06;45.55
3550.55;93.53;0.03;0.05;47.22
3433.81;89.85;0.03;0.05;44.12
3378.81;87.85;0.03;0.05;42.32
3438.1;89.38;0.03;0.04;43.77
3294.64;85.96;0.03;0.04;40.73
3216.63;83.79;0.03;0.05;38.62
3221.98;83.83;0.03;0.05;38.4
3217.05;84.47;0.03;0.05;38.87
3506.22;94.07;0.03;0.05;42.89
3655.78;100.05;0.03;0.05;45.43
3687.75;99.49;0.03;0.05;45.17
4065.1;114.43;0.04;0.06;53.68
3846.23;107.85;0.04;0.06;51.02
3960.57;115.05;0.04;0.06;51.06
3941.62;129.21;0.04;0.05;52.32
4021.99;138.96;0.05;0.05;55.51
3759.18;127.64;0.04;0.04;50.04
3781.61;129.51;0.04;0.05;48.67
3587.7;114.1;0.04;0.05;44.42
3854.42;134.02;0.04;0.05;49.2
3778.19;138.75;0.04;0.04;48.02
3809.73;137.63;0.04;0.05;48.13
3692.53;131.46;0.04;0.05;46.55
3794.26;138.14;0.04;0.04;48.09
3872.17;152.86;0.04;0.05;51.42
3776.53;146.73;0.04;0.04;49.81
3815.27;153.06;0.04;0.05;50.58
3787.31;153.65;0.04;0.04;50.29
4013.52;154.7;0.05;0.04;54.9
3989.67;149.9;0.05;0.05;53.08
3973.59;148.15;0.05;0.04;52.71
3982.23;148.74;0.05;0.04;51.82
3623.85;126.62;0.04;0.04;45.13
3632.85;124.63;0.04;0.04;45.76
3598.44;123.76;0.04;0.04;44.64
3495.83;114.77;0.04;0.04;42.94
3648.05;127.41;0.04;0.04;45.33
3567.8;119.81;0.04;0.04;44.65
3597.65;122.25;0.04;0.04;45.95
3620.98;121.93;0.04;0.04;45
3597.79;119.17;0.04;0.04;44.44
3674.59;122.93;0.05;0.04;45.43
3539.17;117.61;0.04;0.04;43.61
3531;115.83;0.04;0.04;43.65
3571.27;117.82;0.04;0.04;45.25
3555.7;116.42;0.04;0.04;44.53
3565.64;116.25;0.04;0.04;45.06
3564.82;115.15;0.04;0.04;46.03
3563.61;115.34;0.04;0.04;45.11
3553.12;112.51;0.04;0.03;46.11
3432.22;105.35;0.04;0.04;43.1
3413.38;104.6;0.04;0.04;42.78
3457.88;108.27;0.04;0.04;43.6
3431.94;106.34;0.04;0.04;43.04
3464.49;107.01;0.04;0.03;42.82
3486.58;108.78;0.04;0.03;42.31
3454.03;107.2;0.04;0.04;42.5
3464;107.62;0.04;0.03;42.79
3469.89;107.32;0.04;0.03;42.84
3405.84;104.62;0.04;0.04;42.89
3394.01;104.27;0.04;0.04;42.9
3664.28;119.33;0.04;0.04;47.58
3667.41;119.49;0.04;0.04;48.36
3675.69;124.89;0.04;0.04;48.9
3631.44;120.97;0.04;0.04;46.98
3633.97;122.54;0.04;0.03;48.05
3610.06;122.09;0.04;0.03;48.56
3589.66;120.59;0.04;0.04;46.27
3601.23;121.57;0.04;0.04;46.67
3622.59;122.94;0.04;0.04;46.56
3665.08;133.88;0.04;0.04;47.38
3886.52;145.33;0.05;0.04;51.07
3915.01;143.66;0.05;0.04;50.92
3976.81;148.87;0.05;0.04;51.46
3934.81;145.3;0.04;0.04;49.1
3973.64;148.04;0.05;0.04;50.93
4115.34;157.68;0.05;0.04;52.24
3742.87;134.32;0.04;0.05;47.24
3824.68;137.82;0.04;0.04;48.09
3809.21;136;0.04;0.04;47.88
3813.38;134.85;0.04;0.04;48.55
3815.61;135.49;0.04;0.04;47.42
3815.75;134.95;0.04;0.04;47.92
3819.65;132.41;0.04;0.04;47.99
3806.95;130.54;0.04;0.04;48.31
3712.81;125.62;0.04;0.04;46.7
3852.46;136.55;0.04;0.04;48.39
3860.51;137.33;0.04;0.04;48.69
3871.64;136.79;0.04;0.05;49.09
3861.88;133.54;0.04;0.05;48.11
3941.6;137.2;0.05;0.05;49.58
3923.56;135.62;0.05;0.05;48.62
3860.36;132.39;0.05;0.05;48.74
3876.48;133.29;0.05;0.05;49.6
3865.82;131.67;0.05;0.05;49.97
3876.7;132.15;0.05;0.05;50.46
3925.46;136.45;0.05;0.05;52.02
4007.71;141.09;0.05;0.05;53.08
3980.99;138.55;0.05;0.05;51.72
3986.71;137.66;0.05;0.05;51.71
4013.58;138.52;0.05;0.05;52.67
4045.57;139.08;0.05;0.05;54.49
3983.32;135.06;0.05;0.05;52.3
3989.16;136.1;0.06;0.05;52.61
4008.95;137.2;0.06;0.05;52.38
3993.39;136.06;0.06;0.05;52.6
3927.58;133.82;0.06;0.05;51.46
3938.66;134.03;0.06;0.07;52.04
4036.16;139.64;0.07;0.06;52.86
4028.39;137.81;0.07;0.06;52.71
4103.32;143.15;0.07;0.06;53.45
4103.86;142.29;0.07;0.06;53.37
4103.52;141.59;0.07;0.06;55.66
4146.32;141.51;0.07;0.06;60.62
4862.23;164.05;0.08;0.06;68.63
4955.83;160.43;0.09;0.06;66.3
4899.02;157.41;0.09;0.06;63.7
5014.96;165.14;0.09;0.06;68.27
5041.87;165.33;0.09;0.06;67.92
5176.98;174.09;0.09;0.06;69.53
5266.89;180.01;0.09;0.06;71.15
5172.18;175.29;0.08;0.05;68.83
5308.91;177.33;0.09;0.05;70.83
5047.79;165.04;0.08;0.05;67.19
5082.47;164.57;0.08;0.06;66.01
5072.99;163.97;0.08;0.05;65.2
5149.31;167.62;0.08;0.06;66.53
5039.88;160.53;0.08;0.05;64.14
5213.6;166.48;0.08;0.06;69.38
5218.96;166.33;0.08;0.06;68.28
5274.77;173.41;0.08;0.06;69.63
5280.35;173.23;0.08;0.06;69.1
5307.69;173.17;0.08;0.06;69.46
5311.16;169.99;0.07;0.06;68.6
5380.94;171.04;0.08;0.05;69.17
5557.93;170.91;0.07;0.05;69.93
5452.1;165.67;0.07;0.05;67.57
5203.09;153.93;0.07;0.05;61.7
5295.85;157.38;0.07;0.05;63.25
5256.98;158.29;0.07;0.05;62.86
5257.8;156.6;0.07;0.05;61.82
5199.76;154.08;0.06;0.05;60.71
5292.8;160.74;0.07;0.05;61.65
5354.59;159.49;0.07;0.05;64.5
5450.71;160.96;0.07;0.05;64.28
5731.49;166.63;0.07;0.05;66.15
5803.94;162.84;0.07;0.05;67.47
5749.32;162.37;0.07;0.05;66.11
5715.76;172.83;0.07;0.05;66.55
5841.05;170.1;0.06;0.05;65.66
5957.86;170.11;0.06;0.05;66.98
6168.27;170.58;0.06;0.05;64.62
6370.23;172.68;0.06;0.05;67.88
7258.26;196.69;0.08;0.05;77.73
6953.75;187.27;0.07;0.05;75.53
7805.98;196.08;0.07;0.06;79.07
7990.06;218.28;0.08;0.06;83.15
8192.22;248.75;0.09;0.05;94.85
7875.91;264.9;0.09;0.06;85.86
7343.37;243.57;0.08;0.06;81.58
7300.66;235.33;0.08;0.05;79.99
8168.73;260.6;0.09;0.06;90.12
7976.85;251.96;0.08;0.06;86.67
7958.37;256.08;0.08;0.06;88.45
7665.8;244.55;0.08;0.06;83.71
7861.81;244.65;0.08;0.06;84.84
7977.24;248.55;0.08;0.06;85.35
8037.63;250.82;0.08;0.06;86.52
8631.08;266.12;0.09;0.06;91.84
8816.03;273.41;0.09;0.06;97.95
8726.98;271.23;0.09;0.06;93.12
8650.68;268.79;0.09;0.06;92.82
8310.89;255.38;0.08;0.06;94.11
8575.65;268.13;0.09;0.06;92.93
8554.26;264.73;0.09;0.05;94.69
8743.71;269.94;0.1;0.05;89.44
8173.63;251.75;0.09;0.05;83.21
7683.64;240.24;0.08;0.06;85.14
7812.45;246.83;0.08;0.06;87.77
7821.12;249.97;0.08;0.06;88.25
8036.11;250.64;0.09;0.06;87.6
7942.54;244.63;0.08;0.06;83.63
7668.03;232.04;0.08;0.06;86.81
8002.73;247.25;0.09;0.06;86.65
7897.98;245.09;0.09;0.06;90.51
8145.06;260.57;0.1;0.06;90.07
8227.63;255.12;0.09;0.06;90.95
8671.51;263.93;0.09;0.06;94.55
8818.61;268.11;0.09;0.06;95.56
8978.77;269.07;0.09;0.06;97.63
9312.87;273.12;0.09;0.06;97.34
9094.02;264.79;0.09;0.06;100.86
9285.93;269.15;0.09;0.06;105.79
9548.31;272.33;0.09;0.06;109.17
10118.36;294.48;0.09;0.06;115.02
10704.92;310.65;0.09;0.06;115.53
10846.13;307.95;0.1;0.06;117.6
11045.55;311.07;0.1;0.05;112.91
11808.42;318.64;0.1;0.04;104.27
12996.12;337.34;0.1;0.04;95.14
11178.68;295.84;0.09;0.05;101.23
12352.2;309.95;0.09;0.05;100.15
11972.56;321.43;0.09;0.05;88.28
10888.1;292.84;0.08;0.05;88.92
10639.05;295.26;0.08;0.05;86.19
10822.76;290.96;0.08;0.06;90.37
11975.64;304.17;0.08;0.05;87.96
11229.61;285.22;0.08;0.05;90.04
10987.25;287.99;0.08;0.05;94.58
11279.48;289.58;0.08;0.05;106.89
11436.43;305.34;0.08;0.05;100.91
12260.28;312.47;0.08;0.05;98.91
12544.17;307.78;0.08;0.05;95.18
12166.4;290.01;0.07;0.05;89.35
11385.06;268.64;0.07;0.05;98.51
11804.56;275.81;0.07;0.04;93.5
11418.51;270.31;0.07;0.04;85.14
10285.46;227.12;0.06;0.04;90.41
10911.35;230.18;0.06;0.04;75.74
9538.83;199.94;0.05;0.04;76.99
9657.3;210.84;0.05;0.05;84.17
10636.16;226.3;0.06;0.05;82.02
10536.57;221.11;0.06;0.04;84.8
10774.28;228.96;0.06;0.05;83.79
10607.46;226.15;0.06;0.04;83.48
10343.32;217.65;0.06;0.04;81.3
9936.38;213.5;0.06;0.04;80.44
9799.31;217.2;0.06;0.04;80.68
9878.23;219.49;0.06;0.04;79.9
9846;219.58;0.06;0.04;78.61
9447.68;206.53;0.06;0.04;80.07
9534.76;211.23;0.06;0.04;78.27
9510.59;210.82;0.06;0.04;78.17
9568.44;209.65;0.06;0.04;80.8
10063;218.61;0.06;0.04;81.39
10361.31;216.63;0.06;0.04;83.81
10529.17;217.8;0.06;0.04;87.78
10791.2;221.42;0.06;0.04;88.02
10951.59;221.99;0.06;0.04;93.84
11818.53;232.82;0.06;0.04;89.64
11510.16;227.02;0.05;0.04;97.43
11970.66;226.4;0.05;0.04;95.16
12024.33;222;0.05;0.04;92.81
11852.56;210.15;0.05;0.04;90.54
11327.84;206.5;0.05;0.04;92.36
11550;216.49;0.06;0.04;91.06
11381.24;211.11;0.05;0.04;85.62
10903.65;209.27;0.05;0.04;78.2
10016.22;185.66;0.05;0.04;82.82
10295.88;188.15;0.05;0.04;82.24
10324.99;185.15;0.05;0.04;82.13
10224.22;185.76;0.05;0.04;87.7
10309.87;194.36;0.05;0.04;89.98
10895.97;202.96;0.05;0.03;85.59
10743.79;196.27;0.05;0.04;80.76
10124.06;187.02;0.05;0.04;82.08
10127.79;191.52;0.05;0.04;81.88
10385.51;194.21;0.05;0.04;80.43
10145.01;190.56;0.05;0.04;80.24
10090.06;186.32;0.05;0.04;79.36
10334.91;188.38;0.05;0.03;78.16
10167.89;186.97;0.05;0.03;72.33
9753.49;173.03;0.05;0.03;67.29
9485.14;168.8;0.04;0.03;68.19
9588.99;168.67;0.04;0.03;67.42
9607.29;172.07;0.04;0.03;70.96
9729.27;170.73;0.04;0.03;72.97
10323.02;177.72;0.05;0.03;74.87
10620.17;178.83;0.05;0.03;73.74
10573.52;174.78;0.05;0.03;75.75
10570.25;174.19;0.04;0.03;75.4
10350.75;169.42;0.04;0.03;78.01
10461.55;177.85;0.05;0.03;76.99
10404.33;181.48;0.05;0.03;74.96
10321.93;181.01;0.05;0.03;72.22
10121.1;180.15;0.05;0.03;74.15
10150.71;178.08;0.04;0.03;74.99
10401.32;181.01;0.05;0.03;76.77
10355.63;181.21;0.05;0.03;75.93
10349.55;188.31;0.05;0.03;75.42
10305.68;189.26;0.05;0.04;75.34
10268.42;197.61;0.05;0.04;74.14
10203.07;209.21;0.05;0.04;81.08
10158.85;210.25;0.05;0.04;75.85
10253.23;221.74;0.05;0.03;73.91
10178.44;217.95;0.05;0.03;72.54
9997.2;215.35;0.05;0.03;73.06
10041.3;211.62;0.05;0.03;68.5
9699.5;201;0.05;0.03;59.48
8702.71;168.67;0.04;0.03;59.65
8446.24;170.29;0.04;0.03;57.28
8098.81;166.22;0.04;0.03;57.54
8183.48;173.9;0.04;0.03;57.7
8225.11;174.08;0.04;0.03;55.78
8064.38;169.69;0.04;0.03;56.74
8271.29;179.76;0.04;0.03;55.86
8366.5;180.63;0.04;0.03;55.82
8350.13;180.58;0.04;0.03;57.33
8176.35;176.86;0.04;0.03;57.24
8156.52;175.86;0.04;0.03;56.45
8140.24;176.28;0.04;0.03;54.62
7890.23;170.45;0.04;0.03;56.14
8182.25;180.14;0.04;0.03;55.49
8180.69;180.79;0.04;0.03;57.17
8573.06;193.34;0.04;0.03;55.74
8561.52;191.04;0.04;0.03;53.99
8277.85;180.55;0.04;0.03;53.65
8308.47;179.95;0.04;0.03;53.41
8289.5;181.29;0.04;0.03;52.88
8347.35;186.62;0.04;0.03;52.03
8175.86;180.75;0.04;0.03;54.83
8010.3;175.05;0.04;0.03;55.93
8079.93;177.48;0.04;0.03;56.31
7957.31;172.89;0.04;0.03;54.41
7949.8;171.85;0.04;0.03;56.42
8208.36;175.21;0.04;0.03;57.7
8220.92;174.35;0.04;0.03;56.63
8045.29;171.43;0.04;0.03;52.87
7468.53;161.58;0.04;0.03;53.36
7433.92;160.68;0.04;0.03;58.9
8652.03;181.45;0.04;0.03;56.65
9217.24;179.54;0.04;0.03;59.56
9502.02;183.58;0.04;0.03;59.32
9239.9;181.86;0.04;0.03;59.53
9407.16;190.51;0.04;0.03;58.3
9171.87;183.13;0.04;0.03;59.01
9151.82;182.76;0.04;0.03;60.71
9233.41;183.06;0.04;0.03;62.21
9302.83;183.22;0.04;0.03;63.17
9204.29;181.82;0.04;0.03;63.02
9378.95;185.76;0.04;0.03;62.75
9300.37;189.17;0.04;0.03;64.03
9340.05;191.3;0.04;0.03;63.18
9221.07;186.82;0.04;0.03;60.74
8795.9;183.67;0.04;0.03;62.16
8809.78;184.96;0.04;0.03;63.96
9043.67;189.04;0.04;0.03;61.7
8729.92;184.84;0.04;0.03;62.26
8806.75;186.87;0.04;0.03;65.08
8770.78;187.84;0.04;0.03;65.1
8652.03;184.79;0.04;0.03;61.93
8480.44;180.17;0.04;0.03;61.62
8496.38;182.63;0.04;0.03;61.71
8508.5;183.99;0.05;0.03;58.68
8202.83;178.39;0.04;0.03;58.48
8138.83;175.82;0.04;0.03;57.86
8095.87;174.8;0.04;0.02;54.11
7632.49;161.15;0.04;0.02;51.27
7293.01;149.93;0.04;0.02;51.63
7309.69;151.97;0.04;0.02;47.6
6935.74;140.25;0.04;0.02;50.12
7118.26;146.35;0.04;0.02;51.27
7157.68;147.58;0.04;0.03;55.71
7483.75;152.62;0.04;0.03;53.89
7438.62;150.91;0.04;0.03;55.7
7720.87;154.26;0.04;0.02;54.76
7556.4;151.74;0.04;0.02;53.48
7405.81;151.02;0.04;0.02;53.96
7308.98;148.87;0.04;0.02;53.29
7286.08;147.13;0.04;0.02;52.63
7209.97;145.4;0.04;0.03;53.53
7373.78;147.8;0.04;0.03;54.18
7530.92;148.61;0.04;0.03;54.27
7493.55;147.15;0.04;0.03;53.82
7508.32;150.29;0.04;0.03;53.76
7347.04;147.43;0.04;0.03;52.64
7233.95;145.57;0.04;0.03;52.89
7197.43;143.12;0.04;0.03;53.05
7200.71;145.03;0.04;0.03;52.43
7247.35;144.62;0.04;0.03;51.27
7081.74;141.84;0.04;0.03;50.68
7108.56;142.21;0.04;0.03;49.22
6901.04;132.72;0.03;0.03;45
6627.16;121.77;0.03;0.03;47.79
7274.77;132.74;0.03;0.03;47.44
7152.56;128.08;0.03;0.03;46.74
7185.44;128.27;0.03;0.03;45.18
7141.55;126.93;0.03;0.03;47.4
7488.2;132.18;0.03;0.03;47.19
7335.21;128.17;0.03;0.03;45.91
7266.61;127.73;0.03;0.03;46.04
7204.18;125.02;0.03;0.03;45.22
7208.49;125.61;0.03;0.03;45.06
7247.62;126.33;0.03;0.03;45.49
7307.89;128.07;0.03;0.03;46.58
7394.03;134.32;0.03;0.03;46.03
7240.43;131.46;0.03;0.03;44.59
7195.15;129.19;0.03;0.03;45.78
7193.75;130.48;0.03;0.03;45.34
6963.85;127.05;0.03;0.04;50.85
7300.35;133.7;0.03;0.04;50.29
7351.38;134.14;0.03;0.04;53.6
7349.97;135.01;0.03;0.03;58.83
7734.68;143.81;0.04;0.03;58.6
8147.42;143.02;0.04;0.03;59.28
8045.79;140.27;0.04;0.03;58.84
7832.8;137.86;0.04;0.03;58.54
8180.51;144.6;0.04;0.03;58.22
8012.09;142.18;0.04;0.03;59.15
8171.4;145.42;0.04;0.03;57.83
8110.65;143.59;0.04;0.04;62.8
8801.87;165.99;0.04;0.04;68.39
8820.85;166.25;0.04;0.04;65.64
8720.92;163.81;0.04;0.04;69.08
8902.57;171.16;0.04;0.04;67.15
8906.9;174.24;0.04;0.03;65
8690.38;166.63;0.04;0.03;64.91
8631.25;166.94;0.04;0.03;65.89
8724.82;169.28;0.05;0.03;64.92
8665.44;167.83;0.05;0.03;62.27
8415.96;162.52;0.04;0.03;61.65
8432.1;162.41;0.04;0.04;61.53
8348.67;160.67;0.04;0.04;63.74
8595.73;167.65;0.04;0.04;65.37
8879.34;169.74;0.05;0.04;67.65
9320.81;175.19;0.05;0.04;69.75
9276.89;173.71;0.05;0.04;74.8
9509.81;184.73;0.06;0.04;71.87
9308.06;179.23;0.05;0.04;73.09
9363.22;183.34;0.06;0.04;74.65
9338.42;188.55;0.06;0.04;76.86
9308.91;189.86;0.06;0.04;75.09
9179.96;188.84;0.06;0.05;77.61
9592.18;203.86;0.06;0.05;78.1
9744.64;212.73;0.06;0.06;79.63
9799.45;223.28;0.06;0.06;80.86
9890.7;223.3;0.06;0.06;87.12
10148.38;228.29;0.06;0.06;84.81
9890.12;224.15;0.06;0.06;89.93
10226.93;236.79;0.06;0.06;94.99
10328.9;264.03;0.07;0.06;92.6
10221.26;267.67;0.07;0.06;94.79
10320.16;284.23;0.07;0.06;88.55
9894.14;263.9;0.06;0.06;89.02
9943.67;262.16;0.06;0.07;82.65
9723.61;267.94;0.06;0.06;86.02
10133.82;281.95;0.06;0.05;78.15
9618.41;259.18;0.06;0.06;76.55
9608.17;257.99;0.06;0.05;80.22
9673.01;265.16;0.06;0.06;78.92
9658.61;261;0.06;0.05;85.05
9946.72;274.63;0.06;0.04;79.27
9670.96;265.24;0.06;0.04;76.97
9345.34;248.32;0.06;0.04;70.7
8801.66;224.81;0.05;0.04;69.92
8781.18;225.43;0.05;0.04;68.64
8717.33;227.71;0.05;0.04;66.12
8552.99;218.35;0.05;0.04;64.63
8567.8;218.94;0.05;0.04;68.79
8905.88;231.68;0.05;0.05;65.92
8756.72;223.96;0.05;0.05;65.79
8758.65;224.13;0.05;0.05;68.51
9038.87;228.08;0.05;0.04;68.95
9135.85;244.24;0.05;0.04;65.7
8902.2;237.38;0.05;0.04;56.33
8041.37;198.82;0.04;0.04;55.56
7921.33;200.85;0.04;0.04;54.94
7906.73;200.75;0.04;0.02;54.25
7935.52;194.22;0.04;0.02;32.51
5142.99;110.6;0.02;0.02;36.83
5542.82;132.57;0.03;0.03;36.15
5214.19;123.03;0.03;0.02;38
5397.93;124.6;0.03;0.02;34.11
5032.5;110.99;0.02;0.02;36.46
5389.42;117.22;0.03;0.03;36.84
5376.28;117.7;0.03;0.02;40.91
6170.2;136.81;0.03;0.02;40.12
6195.6;131.96;0.03;0.02;41.1
6145.77;131.94;0.03;0.03;38.28
5859.65;122.52;0.03;0.03;44.4
6456.35;135.59;0.03;0.03;47.31
6730.17;138.78;0.03;0.03;47.11
6695.9;136.23;0.03;0.02;50.61
6765.56;138.77;0.03;0.02;47.46
6397.83;130.29;0.03;0.02;47.29
6255;131.42;0.03;0.03;44.2
5915.34;125.32;0.03;0.03;46.62
6403.14;132.36;0.03;0.03;47.87
6421.71;133.24;0.03;0.03;48.64
6640.8;136.22;0.03;0.03;50.87
6807.9;141.45;0.03;0.03;52.91
6732.85;141.26;0.03;0.03;54.17
6859.42;144.2;0.03;0.03;53.4
6788.05;142.85;0.03;0.03;58.48
7297.64;169.86;0.04;0.03;55.91
7196.78;164.52;0.04;0.03;57.8
7342.29;172.8;0.04;0.03;58.46
7294.49;170.1;0.04;0.03;53.72
6864.69;157.74;0.03;0.03;53.86
6878.78;158.33;0.03;0.03;53.7
6913.16;158.86;0.03;0.03;53.1
6857.54;156.7;0.03;0.03;54.16
6860.18;158.27;0.03;0.03;53.17
6629.43;153.22;0.03;0.03;56.66
7059.93;171.78;0.03;0.03;56.12
7035.26;170.45;0.03;0.03;58.02
7242.51;187.14;0.04;0.03;57.18
7127.51;180.06;0.04;0.03;54.91
6856.46;170.7;0.03;0.03;55.1
6842.04;170.45;0.03;0.03;56.87
7110;182.28;0.04;0.03;58.67
7382.79;184.59;0.04;0.03;60.68
7495.39;187.34;0.04;0.03;60.49
7538.56;194.11;0.04;0.03;61.35
7683.87;197.23;0.05;0.03;62.3
7774.28;196.46;0.05;0.03;62.19
7758.23;197.15;0.05;0.03;66.2
8744.43;215.55;0.05;0.03;62.08
8610.64;205.56;0.05;0.04;63.18
8824.82;211.97;0.05;0.04;64.47
8966.31;213.94;0.05;0.03;62.42
8888.67;210.02;0.05;0.04;61.05
8884.41;206.83;0.05;0.03;60.4
9003.24;205.23;0.05;0.04;58.28
9144.69;200.25;0.05;0.04;64.56
9959.17;212.29;0.05;0.04;63.23
9821.81;211.69;0.05;0.03;63.1
9566.78;210.43;0.05;0.03;58.88
8752.62;188.14;0.05;0.04;59.41
8604.75;185.67;0.05;0.04;61.47
8788.47;189.31;0.05;0.04;64.93
9283.09;199.37;0.05;0.04;65.2
9796.49;203.21;0.05;0.04;62.62
9309.3;194.27;0.05;0.04;65.13
9375.3;200.58;0.05;0.04;65.08
9666.33;206.77;0.05;0.04;66.84
9708.44;214.36;0.05;0.04;66.69
9760.2;213.69;0.06;0.04;64.64
9526.51;209.92;0.06;0.04;61.47
9059.96;198.92;0.05;0.04;62.95
9131.77;206.23;0.05;0.04;63.43
9170.36;206.41;0.06;0.04;60.62
8731.85;200.69;0.05;0.04;61.44
8883.69;203.81;0.05;0.04;61.83
8839.13;200.96;0.05;0.04;64.5
9174.12;207.85;0.06;0.04;67.09
9546.05;219.59;0.06;0.04;66.05
9427.12;220.49;0.06;0.04;68.29
9662.71;242.71;0.08;0.04;65.1
9466.96;232.33;0.07;0.04;67.78
10167.93;248.04;0.08;0.04;66.53
9515.24;237.27;0.08;0.04;67.07
9645.23;244.13;0.08;0.04;68.68
9776.2;243.71;0.09;0.04;67.36
9636.97;240.25;0.09;0.04;67.7
9662.86;242.02;0.09;0.04;66.41
9738.6;244.23;0.09;0.04;68.25
9773.03;246.21;0.09;0.04;68.07
9767.01;243.85;0.08;0.04;69.59
9874.9;247.54;0.08;0.04;63.94
9326;232;0.08;0.04;65.71
9469.53;237.59;0.08;0.04;66.53
9469.47;238.29;0.08;0.04;65.47
9345.96;232.11;0.08;0.04;64.61
9431.72;231.02;0.08;0.04;65.91
9524.93;235.29;0.08;0.04;65.23
9463.36;233.86;0.08;0.04;64.95
9399.77;231.68;0.08;0.04;64.14
9312.78;228.96;0.08;0.04;63.98
9360.25;228.87;0.08;0.05;64.43
9298.36;227.79;0.08;0.04;66.09
9678.68;243.36;0.08;0.04;66.8
9624.68;243.08;0.08;0.04;64.78
9288.06;234.56;0.08;0.04;64.34
9258.67;232.65;0.08;0.04;64.03
9166.49;229.64;0.08;0.04;62.14
9013.91;221.03;0.08;0.04;63.25
9139.9;225.12;0.08;0.04;64.13
9185.17;228.21;0.08;0.04;63.61
9149.72;225.59;0.08;0.04;64.57
9230.67;230.66;0.1;0.04;65.36
9094.32;226.57;0.09;0.04;62.68
9071.39;225.18;0.1;0.04;64.12
9132.91;229.09;0.1;0.04;63.31
9087.41;227.9;0.1;0.04;64.88
9342.38;241.53;0.11;0.04;64.51
9253.63;238.96;0.12;0.04;66.23
9432.17;246.86;0.13;0.04;67.43
9235.72;241.98;0.12;0.04;67.39
9282.91;240.95;0.12;0.04;68.67
9234.31;239.1;0.13;0.04;69.25
9297.48;241.77;0.13;0.04;69.19
9240.76;239.64;0.12;0.04;67.94
9247.06;240.25;0.13;0.04;70.8
9203.37;238.66;0.13;0.04;67.61
9136.48;233.84;0.13;0.04;67.65
9156.28;232.78;0.12;0.04;68.32
9168.4;235.68;0.12;0.04;68.85
9202.62;238.9;0.12;0.05;69.32
9163.16;236.06;0.12;0.05;69.78
9384.38;245.23;0.12;0.05;71.32
9514.3;263.76;0.12;0.05;72.99
9589.82;274.72;0.12;0.05;71.66
9535.94;279.43;0.12;0.04;73.55
9691.83;305.04;0.14;0.04;78.05
9925.75;310.52;0.15;0.04;78.16
10962.26;320.48;0.14;0.05;81.23
10904.92;316.41;0.15;0.05;79.11
11093.61;317.54;0.14;0.05;81.23
11116.31;334.74;0.14;0.05;84.58
11325.55;346;0.14;0.04;89.7
11812.09;387.94;0.14;0.05;85.04
11066.31;370.73;0.13;0.05;89.16
11230.91;386.25;0.14;0.05;87.25
11181.92;389.38;0.14;0.06;90.19
11719.26;400.18;0.14;0.07;96.06
11768.13;394.54;0.14;0.1;93.64
11571.49;379.14;0.14;0.1;94.76
11739.13;391.48;0.15;0.1;92.88
11682.85;389.62;0.14;0.09;93.61
11862.94;395.21;0.14;0.1;87.46
11398.67;379.17;0.14;0.09;89.76
11579.87;387.5;0.14;0.09;92.13
11817.16;427.49;0.14;0.1;91.54
11777.39;438.76;0.14;0.1;89.93
11864.91;432.65;0.14;0.09;91.23
11901.78;433.43;0.14;0.09;93.26
12272.47;430.03;0.14;0.08;93.28
11949.61;422.11;0.14;0.09;91.2
11733.28;406.57;0.13;0.09;101.3
11861.84;416.47;0.13;0.1;92.23
11515.12;386.82;0.12;0.09;94.77
11676.39;395.89;0.13;0.09;91.21
11647.93;390.79;0.12;0.09;93.8
11758.83;408.27;0.12;0.09;88.69
11350.75;383.66;0.11;0.09;88.95
11465;385.75;0.11;0.11;89.53
11300.4;381.84;0.11;0.11;94.35
11519.12;395.14;0.11;0.1;92.63
11481.48;399.37;0.12;0.1;96.13
11701;428.3;0.12;0.1;93.24
11672.32;435.69;0.12;0.1;96.76
11895.23;475.68;0.12;0.08;91.32
11418.25;439.35;0.12;0.09;77.57
10197.46;383.69;0.1;0.08;82.25
10484.47;387.9;0.1;0.08;77.52
10177.79;334.47;0.09;0.08;80.2
10260.02;352.99;0.09;0.07;82.35
10359.45;351.88;0.09;0.08;84.02
10125.01;337.85;0.09;0.08;84.3
10230.15;351.23;0.09;0.08;85.36
10342.16;367.64;0.1;0.09;83.98
10378.22;373.91;0.1;0.08;86.75
10439.38;387.72;0.1;0.08;86.02
10328.87;365.7;0.1;0.08;91.72
10661.1;376.39;0.1;0.08;91.01
10787.58;364.69;0.09;0.08;88.2
10952.25;365.13;0.09;0.08;92.71
10938;388.8;0.09;0.08;92.4
10927.15;383.17;0.09;0.08;94.44
11084;385.47;0.09;0.07;92.71
10923.33;370.97;0.09;0.07;89.36
10439.52;341.28;0.08;0.07;92.63
10527.59;343.92;0.08;0.08;87.27
10223.78;321.08;0.08;0.08;91.72
10726.53;348.82;0.08;0.08;92.67
10681.99;351.33;0.1;0.08;94.59
10743.19;354.26;0.1;0.08;97.18
10765.3;357.07;0.1;0.09;95.15
10672.03;354.43;0.1;0.08;100.35
10837.52;359.43;0.1;0.08;107.64
10770.88;359.6;0.1;0.07;103.04
10627.98;353.2;0.1;0.07;101.73
10572.67;345.91;0.09;0.08;103.7
10546.66;345.99;0.09;0.08;105.7
10670.7;352.46;0.1;0.07;112.85
10784.95;353.6;0.1;0.07;106.75
10605.96;340.62;0.09;0.07;110.08
10668.01;341.44;0.09;0.08;110.74
10888.67;350.06;0.1;0.08;115.93
11063.25;365.34;0.1;0.08;115.98
11286.54;370.47;0.1;0.08;125.84
11377.81;374.5;0.11;0.08;130.28
11543.18;387.26;0.11;0.07;128.04
11426.11;381.17;0.11;0.07;128.94
11435.57;379.21;0.11;0.07;130.28
11495.58;377.16;0.11;0.07;120.43
11319.1;365.99;0.1;0.08;120.44
11365.81;368.65;0.11;0.07;124.55
11495.9;378.05;0.11;0.07;125.96
11752.15;379.64;0.11;0.08;118.4
11908.71;368.23;0.1;0.08;121.29
12806.44;391.17;0.11;0.07;127
12951.04;413.2;0.11;0.07;127.37
12928.07;408.89;0.11;0.07;129.02
13106.05;411.96;0.11;0.07;131.02
13021.41;406.16;0.11;0.07;132.3
13060.79;393.38;0.1;0.07;134.04
13655.19;403.53;0.1;0.07;126.26
13283;388.88;0.1;0.06;124.2
13441.88;386.45;0.1;0.07;123.35
13537.17;382.9;0.09;0.07;126.23
13778.64;385.84;0.09;0.06;126.67
13720.36;394.94;0.1;0.06;118.95
13558.36;383.85;0.09;0.06;120.98
13989.98;387.62;0.09;0.07;115.72
14101.72;401.73;0.1;0.08;119.62
15553.33;415.93;0.1;0.07;119.24
15548.31;454.65;0.11;0.09;111.03
14818.46;435.42;0.1;0.1;120.45
15496.32;455.36;0.11;0.09;115.89
15335.34;445.05;0.11;0.08;115.39
15278.71;449.82;0.11;0.08;113.21
15686.91;463.18;0.11;0.08;112.08
16265.15;462.21;0.1;0.08;114.11
16326.81;475.97;0.11;0.08;116.89
16095.56;462.72;0.1;0.08;114.72
15984.67;449.21;0.1;0.08;118.39
16714.4;461.37;0.1;0.08;125.43
17651.82;482.2;0.11;0.08;123.8
17829.93;479.44;0.11;0.08;118.41
17819.76;471.32;0.11;0.09;120.75
18628.81;508.79;0.12;0.09;128.03
18689.53;548.84;0.13;0.09;123.57
18390.61;560.51;0.15;0.09;129.77
18360.69;608.27;0.15;0.09;134.86
19091.52;602.67;0.17;0.08;128.1
18753.29;568.28;0.16;0.08;119.45
17138.03;518.47;0.14;0.08;117.31
17140.28;517.55;0.14;0.08;121.86
17718.97;537.39;0.16;0.09;123.87
18169.95;574.75;0.17;0.09;129.4
19609.52;612.26;0.17;0.09;126.3
18857.42;589.58;0.16;0.09;127.94
19208.4;598.76;0.16;0.08;132.78
19435.2;616.51;0.16;0.09;127.1
18711.23;571.19;0.15;0.09;133.43
19139.11;595.92;0.16;0.09;134.4
19325.55;601.97;0.16;0.08;138.94
19198.81;592.39;0.15;0.08;135.87
18336.51;554.33;0.14;0.08;132.97
18564.99;573.9;0.15;0.08;134.14
18262.06;560.45;0.14;0.08;141.65
18058.03;545.98;0.14;0.09;146.7
18807.1;568.36;0.14;0.09;151.81
19151.13;590.32;0.15;0.09;152.39
19259.97;585.54;0.16;0.09;151
19432.36;589.07;0.15;0.09;158.67
21317.66;635.96;0.17;0.09;160.66
22805.66;644.07;0.16;0.09;154.71
23120.57;654.42;0.16;0.09;154.81
23863.85;659.32;0.16;0.09;152.45
23518.32;639.52;0.16;0.09;146.13
22840.99;610.43;0.15;0.08;156.58
23794.79;634.98;0.16;0.08;151.53
23308.13;587.96;0.14;0.08;156.95
23760.29;612.88;0.15;0.08;159.37
24671.11;626.46;0.16;0.08;168.21
26476.13;636.74;0.16;0.08;157.48
26423.23;689.66;0.15;0.08;166.77
27125.38;732.96;0.18;0.08;162.04
27424.54;735.59;0.19;0.08;159.57
28837.29;752.86;0.18;0.08;156.72
29022.42;738.62;0.18;0.08;136
29352.13;730.15;0.18;0.08;143.48
32163.82;777.7;0.18;0.08;137.99
33008.23;967;0.21;0.08;130.88
31515.58;1025.65;0.22;0.09;136.97
34082.21;1103.36;0.26;0.13;142.31
36933.52;1208.58;0.33;0.12;143.32
39547.08;1229.47;0.3;0.12;142.53
40815.96;1223.73;0.31;0.11;147.78
40296.53;1282.98;0.33;0.09;186.55
38397.9;1267.73;0.31;0.11;159.34
35669.91;1092.91;0.28;0.11;157.72
33938.34;1045.41;0.29;0.11;172.09
37456.01;1132.02;0.31;0.11;163.78
39232.75;1216.91;0.31;0.11;157.39
36787.52;1171.86;0.3;0.11;156.11
36254.71;1234.63;0.35;0.12;159.41
35804.26;1229.38;0.38;0.12;156.39
36595.46;1255.98;0.37;0.14;157.29
36104.86;1383.48;0.37;0.12;153.4
35587.49;1385.85;0.38;0.16;130.69
30913.7;1122.91;0.31;0.19;136.18
32957.91;1236.68;0.35;0.17;138.71
32068.09;1231.18;0.35;0.16;137.9
32273.52;1392.54;0.35;0.17;137.53
32375.32;1323.43;0.34;0.15;137.89
32582.11;1355.23;0.34;0.16;125.84
30445.53;1253.14;0.31;0.15;135.44
33128.35;1328.77;0.34;0.16;140.35
34150.82;1380.28;0.35;0.15;138.9
34199.52;1372.43;0.36;0.15;137.96
33064.79;1317.05;0.35;0.17;143.34
33405.99;1368.66;0.4;0.18;151.14
35485.99;1514.23;0.43;0.17;154.74
37494.72;1661;0.44;0.22;148.3
36816.51;1587.8;0.44;0.23;154.48
38007.83;1724.86;0.54;0.23;152.43
39279.41;1683.94;0.63;0.24;150.07
38833.34;1608.64;0.66;0.24;162.75
46307.57;1751;0.69;0.25;169.02
46569.56;1769.05;0.71;0.28;175.33
44848.69;1739.16;0.92;0.3;190
47815.96;1782.51;0.93;0.34;201.22
47414.19;1841.2;0.92;0.31;239.78
46941.29;1810.84;0.9;0.3;230.52
48607.87;1804.98;0.85;0.29;227.38
47898.49;1775.76;0.86;0.3;221.37
49238.14;1782.58;0.87;0.31;272.08
52143.68;1845.57;0.89;0.33;262.04
51733.08;1938.57;0.91;0.3;284.11
56038.73;1969.98;0.93;0.31;257.69
56377.63;1929.37;1.13;0.27;249.07
57669.3;1941.43;1.1;0.23;225.9
54410.86;1788.62;1.1;0.25;219.24
48691.89;1563.92;0.96;0.26;206.56
49849.38;1628.39;1.06;0.25;196.92
46992.67;1468.86;1.08;0.25;204.93
46551.49;1450.99;1.25;0.24;211.02
46653.53;1480.13;1.34;0.27;217.58
44970.16;1416.66;1.3;0.28;230.11
49787.34;1570.4;1.3;0.35;220.92
48532.24;1497.09;1.23;0.42;220.33
50577.46;1579.43;1.22;0.38;218.25
48727.45;1546.5;1.12;0.36;206.89
49091.81;1539.05;1.16;0.4;205.1
49019.37;1661.93;1.13;0.49;209.09
51313.09;1727.46;1.14;0.55;221.07
52328.54;1837.53;1.12;0.48;225.32
54700.27;1869.33;1.19;0.52;220.53
56020.49;1802.31;1.14;0.66;221.27
57788.87;1826.06;1.13;0.95;222.53
57353.86;1770.94;1.04;1.03;238.46
61315.2;1927.72;1.1;1.06;235.16
59428.97;1866.07;1.06;0.9;222
55805.33;1791.05;1.03;1.07;229.94
56830.25;1808.55;1.25;0.98;237.36
59014.93;1828.75;1.38;0.96;229.31
57922.41;1780.16;1.24;0.91;232.81
58243.27;1817.13;1.3;0.98;232.77
58376.16;1817.86;1.21;0.92;232.55
57573.54;1790.38;1.19;0.86;217.97
54370.14;1686.89;1.11;0.85;218.66
54584.87;1673.86;1.13;0.82;211.23
52526.87;1581.63;1.06;0.89;215
51416.91;1587.3;1.1;0.92;221.74
55033.1;1700.37;1.21;1.13;221.22
55832.42;1713.84;1.18;1.09;231.89
55728.1;1689.04;1.19;1.08;234.12
57634.93;1817.63;1.2;1.02;243.73
58668.63;1840.29;1.21;1.01;246.69
58817.37;1915.83;1.19;1.04;249.6
58801.19;1970.47;1.18;0.94;256.93
59060.03;2134.1;1.19;1;257.05
57060.41;2016.67;1.17;1.01;264.01
58228.8;2077.76;1.18;0.96;264.69
58706.82;2097.8;1.21;0.94;270.88
58062.18;2115.06;1.26;0.99;259.08
56134.42;1989.15;1.18;1.04;269.49
58065.64;2081.35;1.23;1.01;274.33
58152.99;2069.67;1.2;1.08;293.12
59979.39;2142.8;1.22;1.14;326.82
59988.02;2150.27;1.26;1.12;316.15
59911.02;2142.48;1.32;1.09;328.25
63576.68;2304.34;1.42;1.24;320.54
62807.12;2429.66;1.46;1.28;343.24
63179.77;2514.17;1.48;1.51;341.28
61497.3;2424.55;1.41;1.36;363.62
60273.87;2345.27;1.37;1.31;339.67
56288.95;2245.76;1.28;1.39;354.18
55721.17;2168.03;1.19;1.34;399.97
56294.73;2324.28;1.26;1.26;386.32
54190.07;2373.5;1.21;1.23;349.88
51965.57;2426.07;1.15;1.11;354.43
51191.12;2364.23;1.16;1.09;380.87
50133.11;2212.84;1.11;1.23;355.66
48981.44;2307.36;1.08;1.3;401.89
53978.81;2532.39;1.23;1.55;401.4
54991.81;2647.16;1.31;1.46;417.19
54810.61;2748.78;1.33;1.49;407.44
53596.7;2757.5;1.32;1.47;422.01
57828.51;2776.7;1.35;1.41;426.13
57812.97;2944.92;1.35;1.41;405.37
56600.75;2953.3;1.33;1.27;413.05
57200.3;3439.86;1.36;1.42;380.23
53464.37;3245.66;1.28;1.54;417.48
57432.1;3524.56;1.48;1.47;422.16
56507.76;3495.08;1.66;1.44;458.35
57361.57;3493.53;1.65;1.49;475.55
58771.88;3912.74;1.62;1.33;479.61
58213.93;3932.75;1.77;1.43;442.14
55901.67;3979.61;1.65;1.27;453.25
56928.97;4182.79;1.77;1.26;400.54
50004.76;3906.11;1.57;1.29;403.21
49972.8;3750.34;1.94;1.2;412.89
49913.26;4088.73;2.01;1.18;382.84
46780.9;3659.92;2.17;1.06;391.93
46585.06;3602;2.29;1.13;339.53
43780.83;3288.23;2.03;0.79;342.18
43091.04;3399.05;2.01;0.95;205.45
37287.39;2505.01;1.52;0.81;282.3
40437.73;2778.28;1.79;0.76;255.68
37339.63;2419.1;1.55;0.63;231.77
37520.32;2306.37;1.47;0.77;228.8
34977.53;2120.04;1.33;0.78;254.96
38642.44;2640.16;1.54;1;245.65
38210.81;2695.48;1.55;0.89;268.02
39406.93;2882.48;1.78;0.81;251.64
38642.9;2742.99;1.65;0.75;262.63
35710.22;2433.33;1.52;0.78;243.46
34775.08;2294.63;1.42;0.85;260.93
35714.75;2395.85;1.58;0.83;272.94
37340.68;2708.43;1.74;0.86;266.03
36680.07;2632.66;1.74;0.88;293.64
37685.72;2717.15;1.76;0.82;310.16
39151.32;2858.28;1.84;0.81;287.06
36938.72;2694.5;1.71;0.82;263.14
35546.99;2624.77;1.66;0.74;271.86
35834.47;2711.55;1.68;0.71;248.6
33451.38;2580.54;1.55;0.74;254.1
33557.15;2528.02;1.58;0.7;274.61
37553.64;2620.63;1.62;0.69;255.34
36903.3;2486.6;1.53;0.67;243.48
37289.43;2356.63;1.44;0.69;244.2
35666.15;2379.99;1.48;0.71;261.56
39147.71;2517.77;1.57;0.72;275.73
40624.51;2587.38;1.57;0.7;280.84
40378.2;2561.19;1.57;0.69;262.05
38321.45;2365.87;1.48;0.65;276.78
38193.62;2380.74;1.49;0.63;264.61
35881.11;2231.55;1.42;0.62;272.02
35581.64;2176.31;1.39;0.47;264.28
35787.08;2251.56;1.43;0.44;204.24
31711.94;1900.12;1.18;0.5;202.29
32507.74;1875.36;1.15;0.53;218.71
33702.62;1971.11;1.25;0.49;223.91
34675.45;1990.08;1.36;0.47;199.03
31943.14;1833.46;1.28;0.49;202.01
32023.97;1817.05;1.25;0.51;211.7
34607.29;1973.93;1.34;0.55;213.2
34556.84;2087.52;1.33;0.58;217.73
35968.99;2169.4;1.37;0.55;222.42
35171.49;2279.35;1.39;0.54;207.47
33677.57;2121.66;1.34;0.56;210.97
33950.79;2157.88;1.4;0.58;214.98
34729.89;2228.53;1.41;0.55;220.42
35394.21;2329;1.46;0.61;215.75
33928.13;2217.3;1.41;0.74;221.83
34149.99;2320.65;1.41;0.66;215.63
33932.25;2317.24;1.4;0.7;205.98
32933.58;2126.44;1.35;0.76;213.72
33971.3;2156.58;1.36;0.74;210.7
33704.54;2123.06;1.34;0.69;211.99
34299.94;2144.01;1.35;0.65;207.04
33262.65;2042.5;1.32;0.71;203.05
32676.38;1944.4;1.26;0.66;203.34
32878.5;1997.66;1.26;0.61;195.57
31726.04;1910.73;1.23;0.6;192.89
31399.65;1874.2;1.17;0.62;198
31588.67;1899.84;1.18;0.57;200
31919.39;1905.72;1.19;0.52;190.23
30928.21;1824.93;1.13;0.58;183.85
29971.9;1794.97;1.06;0.59;197.78
32383.78;2003.72;1.18;0.68;197.84
32409.5;2027.53;1.19;0.72;203.36
33455.55;2117.15;1.2;0.72;208.45
34213.6;2183.63;1.23;0.69;214.58
35456.12;2209.5;1.24;0.7;217.38
37281.92;2230.21;1.26;0.69;225.78
39076.59;2292.58;1.27;0.71;234.1
40031.2;2299.69;1.28;0.71;241.29
39977.76;2383.44;1.29;0.72;242.6
41936.26;2462.4;1.31;0.69;241.75
41754.17;2541.67;1.33;0.69;235.49
39914.83;2555.41;1.31;0.7;233.39
39278.77;2611.67;1.31;0.73;226.5
38368.35;2521.27;1.37;0.73;245.02
39751.58;2724.53;1.38;0.75;251.91
40825.38;2821.65;1.39;0.77;265.23
42802.14;2888.73;1.4;0.72;270.92
44647.58;3151.22;1.48;0.75;256.34
43753.22;3012.31;1.43;0.83;269.72
46311;3163.06;1.48;0.82;266.23
45639.51;3147.84;1.68;0.8;268.68
45652.06;3166.65;1.8;0.84;257.3
44495.21;3048.41;1.81;0.84;272.39
47717.27;3323.2;2.14;0.87;271.38
47088.85;3268.55;2.19;0.85;271.9
47025;3309.75;2.17;0.8;267.91
46031.76;3153.58;2.08;0.79;256.5
44534.45;3007.14;1.92;0.81;254.66
45015.47;3037.23;2.12;0.84;261.94
46745.03;3144.82;2.29;0.88;282
49195.88;3276.97;2.46;0.88;288.41
48933.69;3224;2.44;0.92;304.95
49250.54;3243.49;2.66;0.86;318.44
49518.58;3320.41;2.91;0.95;308.55
47940.61;3177.66;2.75;0.9;313.75
49002.7;3231.44;2.74;0.93;296.15
47229.07;3122.97;2.58;0.92;314.78
49083.1;3267.54;2.93;1.03;300.46
48936.54;3245.43;2.85;0.95;292.45
48907.27;3233.38;2.86;0.95;282.25
47124.25;3232.73;2.73;0.98;287.88
47335.42;3440.56;2.79;0.97;302.52
48823.06;3790.61;2.86;0.99;302.92
49338.78;3793.3;2.96;1.05;304.25
49934.53;3936.16;2.97;1.07;305.43
50013.03;3894.94;2.84;1.04;313.94
51696.21;3950.27;2.91;0.84;316.14
52739.8;3943.26;2.84;0.86;263.19
46995.16;3440.34;2.51;0.87;257.33
46085.03;3496.86;2.48;0.82;261.73
46518.94;3435.98;2.52;0.83;248.23
44802.61;3209.92;2.38;0.85;249.58
45196.49;3268.1;2.61;0.82;257.12
46195.22;3417.84;2.6;0.85;263.69
45139.83;3301.19;2.42;0.86;269.44
47135.43;3425.25;2.4;0.84;268.79
48186.53;3595.96;2.49;0.82;264.7
47879.47;3573.31;2.43;0.83;262.13
47228.66;3412.18;2.35;0.8;271.18
48266.63;3427.58;2.37;0.68;260.74
47371.04;3335.88;2.29;0.61;233.2
42932.95;2977.32;2.08;0.74;214.93
40386.62;2744.11;1.97;0.76;244.56
43587.22;3074.12;2.24;0.7;249.38
44980.9;3159.27;2.33;0.7;233.64
42752.17;2930.74;2.27;0.71;237.25
42856.86;2946.97;2.31;0.67;234.4
43336.86;3063.32;2.21;0.62;235.23
42247.36;2939.74;2.14;0.65;229.4
41010.38;2798.98;2.04;0.69;234.01
41587.67;2855.61;2.06;0.75;251.03
43859.33;3013.49;2.12;0.75;257.8
48181.88;3305.11;2.25;0.77;253.42
47777.76;3393.92;2.25;0.77;259.66
48282.97;3426.39;2.26;0.78;264.62
49260.23;3390.31;2.2;0.78;271.55
51668.99;3520.34;2.24;0.77;286.94
55415.01;3592.18;2.21;0.81;279.46
53894.6;3594.92;2.28;0.84;278.43
54010.94;3558.55;2.23;0.77;278.4
55125.46;3588.08;2.27;0.76;270.9
54711.87;3431.02;2.2;0.75;275.28
57572.51;3537.84;2.17;0.77;276.78
56335.04;3498.11;2.12;0.77;275.16
57487.99;3605.65;2.19;0.76;266.88
57452.43;3794.52;2.17;0.81;275.52
61809.02;3885.64;2.23;0.77;269.45
61165.64;3854.5;2.19;0.75;261.47
61583.77;3854.22;2.16;0.77;256.36
62017.97;3752.62;2.13;0.82;255.72
64517.65;3884.59;2.12;0.79;261.14
66237.52;4170.11;2.19;0.79;271.04
62541.09;4074.86;2.15;0.79;268.15
61029.27;3990.71;2.17;0.78;267.19
61572.14;4179.44;2.17;0.81;291.2
61173.17;4094.94;2.13;0.81;287.68
63228.21;4230.21;2.15;0.76;280.72
60604.19;4152.57;2.14;0.93;256.56
58641;3944.09;1.92;1.4;268.07
60767.56;4288.1;1.99;3.53;269
62283.2;4422.94;2.02;2.85;262.52
61837.26;4324.61;1.95;3.06;273.89
61471.87;4292.04;1.97;3.13;271.46
61121.83;4330.55;1.95;2.85;275.1
63247.21;4596.59;1.97;2.51;266.58
63130.94;4607.7;2.07;2.62;261.51
61601.74;4550.01;1.99;2.83;257.33
61247.38;4494.8;1.99;2.83;260.68
61661.36;4527.1;2.01;2.7;267.44
63153.23;4626.63;2.03;2.54;274.75
67617.02;4815;2.13;2.49;290.27
67145.37;4742.08;2.28;2.69;268.09
65061.05;4641.53;2.1;3.27;265.76
65005.65;4732.92;2.09;3.26;261.21
64432.05;4685.11;2.06;3.22;271.41
64660.34;4666.5;2.06;3.33;276.15
65648.98;4652.95;2.05;3.27;269.59
63933.84;4583.21;2.03;3.39;242.83
60448.56;4243.35;1.88;3.77;242.72
60603.66;4302.8;1.88;4.32;226.35
56987.32;3993.85;1.79;4.04;239.99
58459.26;4317.6;1.87;3.75;248.29
60082.91;4436.19;1.93;4.07;252.86
59139.78;4319.36;1.85;4.02;232.44
56386.86;4101.06;1.78;5.12;236.4
57748.79;4355.42;1.75;5.2;244.17
57198.18;4269.44;1.67;4.65;247.99
58897.85;4515.84;1.68;4.67;225.02
53827.79;4048.31;1.54;5.11;226.92
54533.4;4084.09;1.54;4.9;238.68
57237.66;4290.09;1.59;4.61;235.75
57848.77;4444.53;1.6;4.53;238.19
57011.28;4637.12;1.55;4.39;231.05
57169.37;4589.61;1.55;3.92;238.97
56508.27;4519.44;1.71;4.1;224.48
53785.97;4240.16;1.56;3.69;203.68
49161.99;4101.66;1.42;3.78;200.98
49268.47;4198.57;1.38;3.81;201.36
50461.58;4347.62;1.42;3.76;206.41
50647.66;4310.57;1.38;3.48;209.97
50530.46;4431.54;1.39;3.24;190.35
47885.87;4153.33;1.3;3.47;190.52
47303.56;3918.2;1.21;3.64;198.47
49242.3;4079.81;1.35;3.17;197.69
50051.08;4135.84;1.35;3.16;184.07
46696.3;3782.9;1.22;3.35;186.89
48410.56;3858.16;1.27;3.16;187.87
48936.86;4015.72;1.31;3.09;187.25
47694.53;3971.56;1.25;3.45;182.11
46328.7;3886.75;1.22;3.29;181.4
46970.06;3966.43;1.24;3.21;183.83
46807.05;3928.84;1.25;3.3;189.67
47117.01;3950.48;1.25;3.3;189.62
49145.22;4036.55;1.28;3.7;190.35
48755.9;3992.59;1.33;3.52;210.76
50900.61;4113.53;1.48;3.77;203.97
50888.72;4055.12;1.4;3.88;212.18
50663.49;4110.57;1.46;3.76;216.94
50852.86;4075.03;1.46;3.38;222.04
50774.07;4045.05;1.52;3.26;209.16
47725.15;3807.36;1.41;3.3;213.24
46506.99;3644.41;1.34;3.28;225.18
47191.87;3714.95;1.36;3.36;228.93
46319.65;3686.4;1.31;3.35;250.83
47816.08;3780.32;1.38;3.27;239.17
47387.21;3835.4;1.38;3.19;231.51
46531.14;3769.4;1.32;2.94;223.7
45938.02;3794.91;1.31;3.38;207.79
43647.15;3556.91;1.24;3.08;203.34
43216.46;3416.83;1.28;2.95;194.89
41527.2;3201.79;1.21;2.96;184.91
41756.66;3101.04;1.19;2.83;190.61
41862.36;3156.97;1.17;2.94;183.15
41869.86;3086.73;1.13;3.1;192.62
42777.21;3246.41;1.19;2.9;199.12
43981.88;3378.04;1.31;2.96;222.61
42608.41;3256.76;1.24;3;229.64
43120.85;3311.99;1.29;3.12;218.03
43226.65;3331.25;1.3;2.92;224.78
43119.79;3356.3;1.41;2.86;215.24
42298.34;3216.59;1.59;2.74;203.92
42395.46;3166.45;1.47;2.64;201.74
41749.55;3097.02;1.34;2.23;188.95
40707.68;3015.59;1.26;2.04;171.92
36508.8;2564.34;1.12;2.12;151.65
35180.44;2407.38;1.07;2.1;156.12
36306.41;2537.84;1.12;2.13;147.18
36774.01;2447.83;1.07;2.17;145.25
36988.93;2465.22;1.05;2.27;148.29
36870.44;2470.43;1.08;2.29;144.31
37276.84;2411.86;1.05;2.38;148.94
37852.58;2551.11;1.05;2.53;153.64
38232.18;2603.6;1.06;2.84;148.07
37983.15;2610.18;1.04;2.7;147.4
38555.53;2689.22;1.05;2.56;146.51
38835.69;2797.43;1.09;2.66;145.11
37000.98;2690.32;1.03;2.83;146.77
37101.35;2667.26;1.06;3.05;165.88
41673.84;2993.1;1.13;3.32;169.25
41493.69;3018.67;1.13;3.3;173.74
42475.54;3062.81;1.15;3.5;185
43910.93;3149.95;1.2;3.35;179.07
44184.45;3127.44;1.18;3.15;185.52
44383.89;3240.92;1.2;2.93;180.42
43628.14;3081.91;1.15;2.91;168.78
42445.39;2930.56;1.08;2.85;173.8
42254.74;2918.09;1.06;2.85;174.53
42247.84;2889.24;1.05;3.33;176.41
42634.57;2935.65;1.05;3.28;182.54
44574.32;3179.3;1.11;3.09;180.15
44063.28;3128.64;1.09;2.99;163.58
40562.99;2881.61;1.02;2.91;160.35
40073.5;2792.3;1;2.71;161.58
40192.76;2768.97;1;2.49;154.3
38514.01;2632.49;0.93;2.65;148.37
37059.98;2574.51;0.86;2.59;150.9
38337.2;2644.15;0.89;2.6;149.38
37372.29;2594.7;0.87;2.75;146.81
38363.35;2599.93;0.85;2.69;153.8
39316.16;2771.89;0.9;2.58;157.45
39090.2;2785.34;0.89;2.85;151.05
37803.59;2629.48;0.86;2.84;170.22
43225.4;2919.29;0.96;2.76;177.51
44459.59;2977.28;0.96;2.65;177.99
43980.71;2953.32;0.94;2.48;172.45
42491.98;2836.91;0.9;2.57;159.78
39200.3;2619.36;0.84;2.43;165.4
39463.15;2668.71;0.87;2.37;159.18
38442.99;2558.36;0.83;2.39;158.15
38076.49;2498.66;0.8;2.5;204.18
38732.94;2576.63;0.8;2.37;188.68
41986.03;2731.04;0.85;2.31;179.34
39468.35;2611.46;0.81;2.32;171.19
38775.18;2562.83;0.79;2.26;185.31
38903.69;2579.46;0.79;2.3;176.08
37852.53;2518.49;0.79;2.27;185.77
39669.42;2591.54;0.8;2.5;183.29
39331.85;2620.36;0.8;2.45;189.56
41165.64;2771.76;0.84;2.45;187.91
41001.71;2817.4;0.84;2.51;195.16
41837.41;2945.75;0.85;2.4;197.08
42201.94;2947.23;0.9;2.41;194.5
41283.26;2860.64;0.88;2.44;191.69
41061.82;2896.59;0.92;2.54;193.88
42401.9;2969.78;0.98;2.69;196.89
42802.15;3028.84;1.1;2.59;203.92
43936.1;3106.66;1.13;2.61;199.66
44331.78;3106.07;1.1;2.72;207.11
44510.84;3140.88;1.15;2.68;214.58
46715.12;3285.17;1.18;2.69;214.77
46994.88;3328.93;1.17;2.7;221.76
47459.26;3401.18;1.19;2.62;221.54
47063.37;3383.79;1.19;2.65;212.66
45528.41;3283.3;1.14;2.64;218.24
46270.2;3451.2;1.16;2.72;212.38
45842.14;3440.34;1.16;2.66;217.22
46434.56;3521.58;1.18;2.57;221.62
46622.64;3520.97;1.21;2.33;222.48
45635.45;3422.97;1.17;2.42;214.11
43198.78;3171.37;1.05;2.27;226.48
43515.15;3232.83;1.09;2.34;216.95
42315.71;3192.03;1.03;2.28;239.73
42796.4;3265.94;1.05;2.06;236.62
42274.91;3219.16;1.03;2.16;225.86
39603.97;2992.7;0.92;2.21;233.77
40205.68;3038.21;0.96;2.12;237.1
41205.17;3121.4;0.98;2.15;229.95
39959.46;3023.42;0.93;2.16;239.51
40586.6;3045.43;0.96;2.06;236.64
40450.38;3066.36;0.95;2.09;241.29
39739.12;2995.72;0.92;2.16;264.85
40833.54;3061.89;0.94;2.11;254.17
41498.12;3104.69;0.95;2.03;266.98
41397.22;3079.68;0.94;2.04;280.04
40528.54;2987.49;0.91;2.02;268.09
39756.85;2967.09;0.91;2;267.42
39561.78;2940.69;0.89;1.98;253.12
39469.05;2922.9;0.89;1.8;255.03
40488.88;3008.34;0.9;1.85;229.47
38134.22;2806.75;0.83;1.8;229.18
39237.95;2889.59;0.84;1.67;226.71
39741.77;2932.46;0.84;1.44;220.67
38650.55;2817.49;0.81;1.54;215.56
37820.61;2738.17;0.76;1.51;212.99
38537.65;2832.51;0.79;1.48;198.84
38561.57;2861.37;0.78;1.66;208.18
37758.5;2786.05;0.77;1.47;225.17
39699.02;2942.05;0.9;1.45;207.4
36612.23;2753.94;0.79;1.38;217.35
36116.39;2699.71;0.79;1.33;204.48
35573.31;2641.23;0.76;1.09;217.29
34070.31;2517.83;0.74;1.12;176.3
30269.59;2249.89;0.62;0.79;162
31026.93;2344.8;0.63;0.72;138.5
28913.49;2080.91;0.52;1.02;138.07
29126.12;1966.7;0.48;1.32;144.02
29310.73;2010.21;0.53;1.34;154.81
30189.33;2064.23;0.54;1.18;171.6
31319.31;2147.05;0.6;1.22;162.71
29923.61;2025.89;0.56;1.04;173.27
30502.19;2095.18;0.58;1.13;155.47
28772.2;1915.18;0.51;1.07;166.34
30382.41;2023.85;0.53;1.1;174.54
29256.81;1963.99;0.52;1.11;176.58
29491.51;1978.15;0.53;1.03;187.14
30351.05;2046.65;0.54;1.04;185.74
29163.17;1974.58;0.51;1.06;192.83
29655.03;1979.77;0.52;1;204.24
29584.95;1944.84;0.51;0.93;189.94
29346.78;1807.97;0.48;0.96;180.4
28646.65;1724.88;0.46;0.97;176.32
29088.24;1798.69;0.47;1.09;186.17
29492.5;1814.98;0.48;1.09;204.36
31740.94;1995.94;0.57;0.99;200.62
31865.75;1944.08;0.63;1.04;198.76
29833.45;1828.89;0.55;0.98;201.71
30481.01;1833.09;0.59;0.98;194.02
29714.14;1776.98;0.56;0.98;189.3
29872.36;1804.26;0.57;1.02;187.98
29917.76;1805.33;0.57;1.02;189.57
31372.58;1860.18;0.61;0.98;188.91
31265.47;1818.39;0.62;0.97;186.52
30229.24;1794.54;0.64;0.89;185.46
30101.19;1788.42;0.63;0.82;174.04
29101.3;1663.84;0.57;0.8;166.15
28374.14;1530.04;0.55;0.82;160.37
26767.27;1454.69;0.5;0.82;131.79
22525.77;1205.6;0.46;0.92;119.89
22244.85;1214.87;0.49;0.81;117.42
22529.2;1230.36;0.53;0.84;106.44
20408.69;1068.6;0.48;0.78;114.43
20473.05;1087.81;0.49;0.83;104.21
19047.42;995.25;0.46;0.83;114.07
20516.41;1125.75;0.48;0.84;117.54
20636.76;1132.05;0.49;0.84;118.81
20700.92;1124.56;0.48;0.9;111.63
19983.57;1051.07;0.46;0.94;122.84
21100.27;1144.48;0.48;1.03;127.3
21262.71;1229.3;0.5;0.94;127.63
21525.88;1244.29;0.5;0.97;126.05
21052.81;1201.24;0.49;0.89;121.73
20751.48;1194.22;0.49;0.88;117.54
20282.54;1143.53;0.47;0.88;118.77
20108.53;1098.91;0.47;0.84;111.69
19608.4;1057.63;0.45;0.84;115.73
19407.45;1068.82;0.45;0.84;116.2
19268.23;1068.54;0.46;0.91;116.43
19310.23;1074.61;0.46;0.88;124.12
20257.01;1153.35;0.47;0.92;122.21
20188.78;1134.02;0.46;0.94;125.89
20566.69;1188.73;0.46;0.91;130.62
21660.6;1240.38;0.48;0.91;127.03
21858.82;1233.51;0.47;0.87;127.28
21589.63;1216.85;0.48;0.81;129.2
20859.81;1169.01;0.46;0.79;127.27
19998.47;1097.45;0.44;0.81;123.71
19350.74;1040.8;0.42;0.84;123.93
20225.24;1112.92;0.44;0.85;133.86
20574.84;1191.13;0.44;0.87;138.66
20794.81;1234.1;0.44;0.84;139.29
21193.08;1355.05;0.46;0.92;136.78
20824.36;1344.72;0.45;1;147.19
22395.37;1570.66;0.49;0.92;146.79
23366.91;1542.63;0.52;0.94;151.44
23313.3;1527.41;0.49;0.93;150.74
23155.21;1576.83;0.5;0.98;149.06
22696.9;1536.12;0.48;0.97;146.72
22506.2;1552.5;0.52;0.88;151.66
22613.72;1601.21;0.51;0.88;144.28
21330.3;1450.48;0.48;0.96;150.92
21235.61;1438.99;0.47;0.98;161.59
22908.88;1636.95;0.51;0.98;162.4
23822.07;1723.55;0.51;1.01;160.87
23847.58;1739.04;0.53;0.98;155.79
23653.46;1696.79;0.53;1.02;155
23379.7;1682.01;0.52;0.97;160.86
23333.75;1636.02;0.51;0.97;157.46
23053.85;1638.38;0.5;1;156.8
22860.42;1621.34;0.5;1.07;159.33
22678.36;1612.42;0.5;1.05;161.48
23225.04;1725.38;0.52;1.06;160.97
22984.58;1693.3;0.51;1.09;165.1
23197.6;1699.01;0.53;1.02;167.3
23823.68;1775.7;0.54;1.07;158.28
23203.68;1698.97;0.52;1.05;167.74
23948.83;1852.88;0.54;1.07;159.35
23948.75;1881.43;0.53;1.06;166.07
24411.38;1959.33;0.54;1.08;166.05
24433.65;1982.41;0.56;1.06;164.91
24312.54;1936.7;0.57;1.03;163.73
24179.01;1908.28;0.55;0.97;169.87
23913.33;1880.6;0.56;0.93;168.53
23359.42;1834.83;0.54;0.85;159.71
23248.38;1850.11;0.51;0.84;142.66
20945.83;1618.53;0.45;0.86;149.12
21175.23;1579.42;0.45;0.83;155.26
21615.76;1624.15;0.46;0.84;154.02
21387.75;1622.31;0.46;0.83;154.83
21562.45;1665.79;0.47;0.84;150.92
21395.46;1657.79;0.46;0.78;154.37
21618.01;1697.08;0.47;0.78;142.67
20271.32;1510.19;0.43;0.76;145.37
20069.95;1496.06;0.45;0.8;147.3
19659.25;1438.75;0.43;0.77;152.76
20308.86;1555.18;0.45;0.77;148.95
19805.35;1525.4;0.45;0.78;148.82
20023.55;1552.56;0.45;0.78;154.09
20153.98;1588.98;0.46;0.79;153.18
19941.45;1575.18;0.45;0.81;154.21
19814.56;1555.67;0.48;0.79;155.67
19980.01;1578.95;0.5;0.74;157.3
19785.73;1617.94;0.5;0.77;145.52
18859.5;1564.56;0.46;0.77;149.35
19280.63;1629.88;0.48;0.81;152.16
19322.78;1635.93;0.48;0.81;159
21359.58;1717.08;0.5;0.8;157.76
21707.39;1779.52;0.51;0.79;158.7
21739.8;1761.32;0.51;0.73;163.74
22339.67;1710.16;0.5;0.75;145.75
20184.97;1573.21;0.47;0.72;150.03
20255.92;1635.37;0.48;0.74;145.47
19702.17;1472;0.47;0.75;149.04
19764.41;1432.22;0.47;0.7;147.74
20131.68;1471.2;0.49;0.73;140.31
19437.16;1335.85;0.45;0.71;140.6
19570.39;1379.92;0.45;0.69;142.54
18869.93;1324.19;0.44;0.72;135.57
18539.64;1252.77;0.44;0.72;144.21
19464.32;1330.79;0.46;0.71;141.69
19291.9;1329.56;0.46;0.7;141.78
18939.97;1318.1;0.45;0.7;141.03
18809.41;1294.08;0.45;0.69;145.63
19219.73;1335.12;0.45;0.71;144.76
19116.33;1331.15;0.44;0.71;147.68
19444.79;1340.02;0.44;0.7;148.22
19563.77;1335.74;0.44;0.69;147.48
19476.93;1329.15;0.43;0.68;140.84
19314.46;1311.26;0.43;0.7;137.06
19065.15;1277.9;0.42;0.7;141.51
19620.57;1323.5;0.43;0.7;147.04
20345.4;1363.24;0.44;0.7;146.15
20161.83;1352.59;0.43;0.69;149.15
19949.05;1351.43;0.43;0.69;145
19457.31;1324.89;0.43;0.69;147.01
19418.04;1315.86;0.42;0.67;145.67
19448.15;1322.27;0.42;0.65;142.38
19142.69;1291.08;0.4;0.65;144.68
19058.63;1279.88;0.39;0.64;144.86
19153.04;1294.27;0.38;0.62;142.82
19383.94;1288.16;0.38;0.64;140.6
19198.11;1297.63;0.37;0.64;139.7
19072.78;1275.69;0.36;0.65;143.16
19272.92;1306.94;0.37;0.63;143.76
19557.9;1333.44;0.37;0.61;146.12
19348.03;1311.81;0.36;0.6;144.97
19134.24;1284.65;0.35;0.62;141.1
19031.16;1282.04;0.34;0.61;140.77
19173.28;1299.8;0.35;0.62;142.69
19203.87;1313.77;0.35;0.6;144.54
19574.82;1364.49;0.36;0.63;143.04
19316.94;1343.33;0.36;0.64;144.1
20095.15;1462.05;0.4;0.63;146.94
20774.25;1568.75;0.4;0.64;145.64
20278.37;1514.86;0.39;0.66;146.8
20591.24;1555.03;0.4;0.67;148.71
20800.71;1619.43;0.42;0.67;147.46
20623.87;1591.05;0.41;0.65;149.08
20494.6;1572.98;0.41;0.62;149.64
20489.65;1580.38;0.4;0.64;146.91
20162.98;1520.64;0.39;0.7;148.98
20210.91;1531.11;0.39;0.71;158.02
21150.32;1644.19;0.42;0.66;157.34
21282.99;1626.81;0.43;0.66;155.36
20907;1572.95;0.4;0.57;155.2
20597.76;1569.99;0.4;0.46;138.1
18562.35;1334.29;0.37;0.53;118.5
15742.44;1095.18;0.32;0.5;133.11
17594.92;1301.55;0.37;0.47;128.35
17080.22;1293.91;0.36;0.45;128.36
16797.99;1255.6;0.34;0.44;127.47
16344.34;1223.01;0.33;0.45;129.93
16645.83;1242;0.33;0.43;129.19
16890.53;1252.71;0.34;0.42;132.23
16689.4;1217.7;0.33;0.42;132.65
16718.36;1201.79;0.33;0.42;133.32
16707.02;1213.5;0.33;0.39;134.46
16712.73;1218.89;0.33;0.37;130.14
16304.08;1144.25;0.31;0.38;126.81
15814.34;1110.29;0.31;0.4;133.87
16171.63;1135.18;0.31;0.4;134.9
16608.01;1184.46;0.32;0.39;136.76
16596.04;1204.21;0.32;0.41;136.23
16524.45;1198.98;0.32;0.4;138.68
16456.16;1205.66;0.31;0.39;136.65
16459.15;1196.2;0.31;0.39;134.97
16222.21;1170.12;0.31;0.41;137.68
16441.98;1216.94;0.31;0.4;142.34
17186.5;1298.94;0.32;0.42;144.12
16972.73;1276.64;0.32;0.41;145.91
17084.87;1293.95;0.32;0.41;145.46
16923.38;1243.04;0.32;0.42;143.05
17149.93;1282.42;0.32;0.42;145.32
16973.37;1259.76;0.32;0.4;143.36
17085.64;1271.94;0.32;0.4;144.14
16851.3;1233.63;0.31;0.4;147.73
17235.01;1281.21;0.31;0.4;149.36
17149.82;1264.48;0.31;0.39;149.83
17125.36;1264.79;0.31;0.38;150.18
17101.04;1264.32;0.31;0.39;150.56
17179.6;1275.33;0.31;0.38;151.35
17784.16;1319.41;0.31;0.38;148.5
17808.72;1308.4;0.31;0.34;148.68
17338.36;1263.75;0.3;0.34;142.02
16623.76;1165.97;0.26;0.33;143.53
16806.49;1189.43;0.27;0.3;144.14
16742.82;1186.78;0.27;0.32;143.75
16422.56;1166.99;0.25;0.31;147.1
16899.33;1217.89;0.26;0.31;147.24
16816.85;1213.34;0.25;0.33;145.64
16824.79;1217.85;0.26;0.33;143.29
16791.46;1220.7;0.26;0.33;143.51
16848.57;1221.36;0.26;0.33;145.34
16842.18;1219.29;0.26;0.32;146.62
16900.08;1226.25;0.27;0.31;145.41
16701.84;1211.82;0.26;0.3;146.62
16538.91;1188.73;0.25;0.29;145.76
16644.38;1201.54;0.24;0.3;146.09
16604.02;1199.11;0.25;0.3;147.33
