FECHA,ARS_USDT
2020-01-01,59.803
2020-01-02,59.901
2020-01-03,59.806
2020-01-04,59.647
2020-01-05,59.702
2020-01-06,59.662
2020-01-07,59.622
2020-01-08,59.621
2020-01-09,59.597
2020-01-10,59.703
2020-01-11,59.736
2020-01-12,59.588
2020-01-13,59.623
2020-01-14,59.848
2020-01-15,59.92
2020-01-16,59.837
2020-01-17,59.789
2020-01-18,59.748
2020-01-19,59.854
2020-01-20,59.799
2020-01-21,59.896
2020-01-22,59.968
2020-01-23,59.912
2020-01-24,60.058
2020-01-25,59.957
2020-01-26,59.936
2020-01-27,59.958
2020-01-28,59.924
2020-01-29,60.016
2020-01-30,59.919
2020-01-31,60.171
2020-02-01,59.965
2020-02-02,60.133
2020-02-03,60.215
2020-02-04,60.468
2020-02-05,60.388
2020-02-06,60.42
2020-02-07,60.481
2020-02-08,60.638
2020-02-09,60.615
2020-02-10,60.905
2020-02-11,60.958
2020-02-12,61.053
2020-02-13,61.123
2020-02-14,61.248
2020-02-15,61.3
2020-02-16,61.367
2020-02-17,61.24
2020-02-18,61.745
2020-02-19,61.506
2020-02-20,61.566
2020-02-21,61.758
2020-02-22,61.658
2020-02-23,61.748
2020-02-24,61.853
2020-02-25,61.861
2020-02-26,61.663
2020-02-27,61.953
2020-02-28,62.048
2020-02-29,62.126
2020-03-01,62.045
2020-03-02,62.078
2020-03-03,62.204
2020-03-04,62.291
2020-03-05,62.471
2020-03-06,62.276
2020-03-07,62.459
2020-03-08,62.499
2020-03-09,61.616
2020-03-10,62.663
2020-03-11,62.565
2020-03-12,62.506
2020-03-13,61.884
2020-03-14,63.456
2020-03-15,62.226
2020-03-16,62.688
2020-03-17,63.316
2020-03-18,63.197
2020-03-19,63.374
2020-03-20,63.552
2020-03-21,63.668
2020-03-22,63.262
2020-03-23,63.816
2020-03-24,63.838
2020-03-25,63.649
2020-03-26,64.047
2020-03-27,64.408
2020-03-28,64.118
2020-03-29,64.213
2020-03-30,64.675
2020-03-31,64.57
2020-04-01,64.209
2020-04-02,64.457
2020-04-03,64.256
2020-04-04,64.929
2020-04-05,64.852
2020-04-06,64.847
2020-04-07,64.901
2020-04-08,64.943
2020-04-09,65.018
2020-04-10,65.062
2020-04-11,64.732
2020-04-12,64.71
2020-04-13,64.391
2020-04-14,64.659
2020-04-15,65.455
2020-04-16,65.462
2020-04-17,65.882
2020-04-18,65.883
2020-04-19,65.808
2020-04-20,65.525
2020-04-21,66.313
2020-04-22,66.132
2020-04-23,66.248
2020-04-24,65.997
2020-04-25,66.36
2020-04-26,66.314
2020-04-27,66.481
2020-04-28,66.638
2020-04-29,66.601
2020-04-30,66.516
2020-05-01,66.806
2020-05-02,66.022
2020-05-03,66.104
2020-05-04,66.802
2020-05-05,66.755
2020-05-06,67.003
2020-05-07,67.036
2020-05-08,67.102
2020-05-09,66.43
2020-05-10,66.557
2020-05-11,67.406
2020-05-12,67.351
2020-05-13,67.506
2020-05-14,67.508
2020-05-15,67.749
2020-05-16,67.621
2020-05-17,67.559
2020-05-18,67.791
2020-05-19,67.637
2020-05-20,67.769
2020-05-21,67.865
2020-05-22,67.89
2020-05-23,68.123
2020-05-24,68.048
2020-05-25,67.733
2020-05-26,68.205
2020-05-27,68.211
2020-05-28,68.312
2020-05-29,68.008
2020-05-30,68.387
2020-05-31,68.545
2020-06-01,68.333
2020-06-02,69.233
2020-06-03,68.547
2020-06-04,68.706
2020-06-05,68.825
2020-06-06,68.826
2020-06-07,68.847
2020-06-08,68.826
2020-06-09,69.056
2020-06-10,69.06
2020-06-11,69.289
2020-06-12,69.308
2020-06-13,69.403
2020-06-14,69.371
2020-06-15,69.364
2020-06-16,69.451
2020-06-17,69.584
2020-06-18,69.625
2020-06-19,69.63
2020-06-20,69.735
2020-06-21,69.714
2020-06-22,69.754
2020-06-23,69.925
2020-06-24,70.005
2020-06-25,70.162
2020-06-26,70.179
2020-06-27,70.1
2020-06-28,70.138
2020-06-29,70.169
2020-06-30,70.372
2020-07-01,70.454
2020-07-02,70.545
2020-07-03,70.566
2020-07-04,70.612
2020-07-05,70.67
2020-07-06,70.705
2020-07-07,70.814
2020-07-08,70.928
2020-07-09,70.796
2020-07-10,70.859
2020-07-11,70.891
2020-07-12,70.856
2020-07-13,70.711
2020-07-14,71.165
2020-07-15,71.21
2020-07-16,71.209
2020-07-17,71.342
2020-07-18,71.458
2020-07-19,71.483
2020-07-20,71.429
2020-07-21,71.617
2020-07-22,71.73
2020-07-23,71.803
2020-07-24,71.719
2020-07-25,71.871
2020-07-26,71.825
2020-07-27,71.898
2020-07-28,71.645
2020-07-29,72.075
2020-07-30,72.039
2020-07-31,72.327
2020-08-01,72.364
2020-08-02,72.404
2020-08-03,72.259
2020-08-04,72.432
2020-08-05,72.549
2020-08-06,72.72
2020-08-07,72.707
2020-08-08,72.9
2020-08-09,72.792
2020-08-10,72.949
2020-08-11,72.908
2020-08-12,73.107
2020-08-13,73.112
2020-08-14,73.121
2020-08-15,73.277
2020-08-16,72.994
2020-08-17,73.198
2020-08-18,73.104
2020-08-19,73.383
2020-08-20,73.359
2020-08-21,73.57
2020-08-22,73.6
2020-08-23,73.575
2020-08-24,73.56
2020-08-25,73.712
2020-08-26,73.742
2020-08-27,73.814
2020-08-28,73.929
2020-08-29,73.998
2020-08-30,73.943
2020-08-31,73.895
2020-09-01,74.094
2020-09-02,74.287
2020-09-03,74.297
2020-09-04,73.94
2020-09-05,74.478
2020-09-06,74.798
2020-09-07,74.469
2020-09-08,74.667
2020-09-09,74.867
2020-09-10,74.678
2020-09-11,74.766
2020-09-12,74.86
2020-09-13,74.859
2020-09-14,74.9
2020-09-15,75.134
2020-09-16,75.149
2020-09-17,75.195
2020-09-18,75.384
2020-09-19,75.346
2020-09-20,75.316
2020-09-21,75.436
2020-09-22,75.52
2020-09-23,75.618
2020-09-24,75.612
2020-09-25,75.737
2020-09-26,75.769
2020-09-27,75.798
2020-09-28,75.748
2020-09-29,76.062
2020-09-30,76.194
2020-10-01,76.211
2020-10-02,76.181
2020-10-03,76.953
2020-10-04,76.903
2020-10-05,76.879
2020-10-06,76.934
2020-10-07,77.142
2020-10-08,77.125
2020-10-09,77.116
2020-10-10,77.189
2020-10-11,77.066
2020-10-12,77.202
2020-10-13,77.104
2020-10-14,77.363
2020-10-15,77.435
2020-10-16,77.393
2020-10-17,77.539
2020-10-18,77.522
2020-10-19,77.597
2020-10-20,77.547
2020-10-21,77.738
2020-10-22,76.266
2020-10-23,77.85
2020-10-24,78.148
2020-10-25,78.125
2020-10-26,78.238
2020-10-27,78.204
2020-10-28,78.397
2020-10-29,78.268
2020-10-30,78.363
2020-10-31,78.3
2020-11-01,78.157
2020-11-02,78.151
2020-11-03,78.608
2020-11-04,78.967
2020-11-05,78.972
2020-11-06,79.282
2020-11-07,79.062
2020-11-08,79.208
2020-11-09,78.976
2020-11-10,79.343
2020-11-11,79.146
2020-11-12,79.322
2020-11-13,79.524
2020-11-14,79.832
2020-11-15,79.874
2020-11-16,79.94
2020-11-17,79.982
2020-11-18,80.183
2020-11-19,80.121
2020-11-20,80.306
2020-11-21,80.332
2020-11-22,80.168
2020-11-23,80.107
2020-11-24,80.131
2020-11-25,80.538
2020-11-26,80.565
2020-11-27,80.906
2020-11-28,81.217
2020-11-29,80.929
2020-11-30,81.041
2020-12-01,81.17
2020-12-02,81.012
2020-12-03,81.414
2020-12-04,81.599
2020-12-05,81.983
2020-12-06,81.795
2020-12-07,81.734
2020-12-08,81.517
2020-12-09,81.443
2020-12-10,82.023
2020-12-11,82.13
2020-12-12,82.151
2020-12-13,82.055
2020-12-14,81.915
2020-12-15,82.334
2020-12-16,82.465
2020-12-17,82.437
2020-12-18,82.504
2020-12-19,82.667
2020-12-20,82.619
2020-12-21,83.174
2020-12-22,83.252
2020-12-23,83.426
2020-12-24,83.684
2020-12-25,83.458
2020-12-26,83.089
2020-12-27,83.019
2020-12-28,83.49
2020-12-29,84.012
2020-12-30,84.13
2020-12-31,84.289
2021-01-01,84.093
2021-01-02,85.285
2021-01-03,85.381
2021-01-04,84.487
2021-01-05,84.674
2021-01-06,85.031
2021-01-07,85.568
2021-01-08,85.02
2021-01-09,85.302
2021-01-10,85.554
2021-01-11,85.355
2021-01-12,86.034
2021-01-13,85.664
2021-01-14,85.874
2021-01-15,85.462
2021-01-16,85.783
2021-01-17,85.921
2021-01-18,85.811
2021-01-19,86.081
2021-01-20,85.987
2021-01-21,86.154
2021-01-22,87.033
2021-01-23,86.485
2021-01-24,86.327
2021-01-25,86.455
2021-01-26,86.912
2021-01-27,87.208
2021-01-28,87.286
2021-01-29,87.047
2021-01-30,86.87
2021-01-31,86.769
2021-02-01,87.246
2021-02-02,87.368
2021-02-03,87.779
2021-02-04,87.794
2021-02-05,88.049
2021-02-06,88.068
2021-02-07,87.834
2021-02-08,87.794
2021-02-09,88.432
2021-02-10,87.878
2021-02-11,88.185
2021-02-12,88.242
2021-02-13,88.203
2021-02-14,88.343
2021-02-15,88.111
2021-02-16,88.458
2021-02-17,88.553
2021-02-18,89.002
2021-02-19,89.086
2021-02-20,89.641
2021-02-21,89.526
2021-02-22,89.482
2021-02-23,89.901
2021-02-24,89.786
2021-02-25,90.581
2021-02-26,90.089
2021-02-27,90.577
2021-02-28,89.315
2021-03-01,90.84
2021-03-02,90.825
2021-03-03,90.918
2021-03-04,90.16
2021-03-05,90.582
2021-03-06,90.161
2021-03-07,90.465
2021-03-08,90.531
2021-03-09,90.523
2021-03-10,90.797
2021-03-11,90.452
2021-03-12,90.976
2021-03-13,90.975
2021-03-14,90.968
2021-03-15,90.881
2021-03-16,91.337
2021-03-17,91.284
2021-03-18,91.578
2021-03-19,91.63
2021-03-20,91.568
2021-03-21,91.565
2021-03-22,91.709
2021-03-23,91.905
2021-03-24,91.419
2021-03-25,91.342
2021-03-26,91.616
2021-03-27,91.599
2021-03-28,91.64
2021-03-29,92.22
2021-03-30,91.84
2021-03-31,91.954
2021-04-01,92.008
2021-04-02,91.708
2021-04-03,91.861
2021-04-04,91.868
2021-04-05,91.837
2021-04-06,91.304
2021-04-07,92.317
2021-04-08,92.199
2021-04-09,92.45
2021-04-10,92.287
2021-04-11,92.286
2021-04-12,92.264
2021-04-13,92.647
2021-04-14,92.733
2021-04-15,92.64
2021-04-16,92.722
2021-04-17,92.719
2021-04-18,92.903
2021-04-19,92.907
2021-04-20,92.894
2021-04-21,93.003
2021-04-22,92.683
2021-04-23,93.181
2021-04-24,93.312
2021-04-25,93.012
2021-04-26,93.538
2021-04-27,93.334
2021-04-28,93.033
2021-04-29,93.588
2021-04-30,93.564
2021-05-01,93.609
2021-05-02,93.532
2021-05-03,93.947
2021-05-04,93.783
2021-05-05,94.038
2021-05-06,93.515
2021-05-07,93.811
2021-05-08,93.895
2021-05-09,93.616
2021-05-10,93.139
2021-05-11,94.516
2021-05-12,93.956
2021-05-13,94.288
2021-05-14,93.361
2021-05-15,93.802
2021-05-16,93.473
2021-05-17,93.704
2021-05-18,94.603
2021-05-19,93.809
2021-05-20,93.658
2021-05-21,94.68
2021-05-22,94.095
2021-05-23,94.469
2021-05-24,94.337
2021-05-25,94.493
2021-05-26,94.316
2021-05-27,94.416
2021-05-28,94.37
2021-05-29,94.613
2021-05-30,94.474
2021-05-31,94.344
2021-06-01,94.385
2021-06-02,94.86
2021-06-03,94.73
2021-06-04,94.75
2021-06-05,94.85
2021-06-06,94.884
2021-06-07,95.055
2021-06-08,94.926
2021-06-09,95.164
2021-06-10,95.232
2021-06-11,95.47
2021-06-12,95.198
2021-06-13,95.539
2021-06-14,95.069
2021-06-15,95.346
2021-06-16,95.481
2021-06-17,95.16
2021-06-18,95.642
2021-06-19,95.45
2021-06-20,95.768
2021-06-21,95.42
2021-06-22,95.023
2021-06-23,95.847
2021-06-24,95.728
2021-06-25,95.658
2021-06-26,95.577
2021-06-27,95.812
2021-06-28,95.693
2021-06-29,95.894
2021-06-30,95.661
2021-07-01,96.149
2021-07-02,95.925
2021-07-03,96.209
2021-07-04,96.104
2021-07-05,95.043
2021-07-06,96.262
2021-07-07,96.148
2021-07-08,95.913
2021-07-09,96.238
2021-07-10,96.285
2021-07-11,96.395
2021-07-12,95.927
2021-07-13,96.32
2021-07-14,96.53
2021-07-15,96.401
2021-07-16,96.484
2021-07-17,96.183
2021-07-18,96.389
2021-07-19,96.377
2021-07-20,96.498
2021-07-21,96.514
2021-07-22,96.622
2021-07-23,96.533
2021-07-24,96.601
2021-07-25,96.587
2021-07-26,96.596
2021-07-27,97.163
2021-07-28,96.993
2021-07-29,96.364
2021-07-30,96.896
2021-07-31,96.922
2021-08-01,96.725
2021-08-02,97.033
2021-08-03,96.906
2021-08-04,97.443
2021-08-05,96.22
2021-08-06,96.806
2021-08-07,97.011
2021-08-08,96.964
2021-08-09,97.373
2021-08-10,97.488
2021-08-11,96.894
2021-08-12,97.144
2021-08-13,97.125
2021-08-14,97.035
2021-08-15,97.089
2021-08-16,97.215
2021-08-17,97.008
2021-08-18,97.286
2021-08-19,97.427
2021-08-20,98.087
2021-08-21,97.343
2021-08-22,97.277
2021-08-23,97.724
2021-08-24,97.414
2021-08-25,97.554
2021-08-26,97.459
2021-08-27,97.121
2021-08-28,97.619
2021-08-29,97.568
2021-08-30,97.68
2021-08-31,97.559
2021-09-01,97.961
2021-09-02,97.812
2021-09-03,97.789
2021-09-04,97.796
2021-09-05,97.623
2021-09-06,97.937
2021-09-07,97.931
2021-09-08,98.048
2021-09-09,98.346
2021-09-10,98.335
2021-09-11,97.923
2021-09-12,98.256
2021-09-13,99.091
2021-09-14,98.435
2021-09-15,98.434
2021-09-16,98.288
2021-09-17,98.464
2021-09-18,98.735
2021-09-19,98.511
2021-09-20,98.634
2021-09-21,98.418
2021-09-22,97.574
2021-09-23,98.558
2021-09-24,98.561
2021-09-25,98.545
2021-09-26,98.823
2021-09-27,98.892
2021-09-28,98.039
2021-09-29,98.273
2021-09-30,98.968
2021-10-01,98.942
2021-10-02,98.934
2021-10-03,98.998
2021-10-04,98.806
2021-10-05,99.098
2021-10-06,99.13
2021-10-07,98.923
2021-10-08,99.043
2021-10-09,99.05
2021-10-10,99.04
2021-10-11,98.966
2021-10-12,99.216
2021-10-13,99.177
2021-10-14,99.317
2021-10-15,99.164
2021-10-16,99.238
2021-10-17,99.424
2021-10-18,99.44
2021-10-19,99.26
2021-10-20,99.681
2021-10-21,99.312
2021-10-22,99.161
2021-10-23,99.763
2021-10-24,99.873
2021-10-25,99.789
2021-10-26,99.834
2021-10-27,99.596
2021-10-28,99.805
2021-10-29,99.879
2021-10-30,99.89
2021-10-31,99.934
2021-11-01,99.711
2021-11-02,99.917
2021-11-03,100.261
2021-11-04,100.076
2021-11-05,100.342
2021-11-06,100.331
2021-11-07,100.276
2021-11-08,100.432
2021-11-09,100.068
2021-11-10,100.178
2021-11-11,100.615
2021-11-12,100.264
2021-11-13,100.787
2021-11-14,100.654
2021-11-15,101.007
2021-11-16,100.455
2021-11-17,100.541
2021-11-18,101.069
2021-11-19,100.625
2021-11-20,101.309
2021-11-21,101.063
2021-11-22,100.871
2021-11-23,100.431
2021-11-24,100.717
2021-11-25,100.644
2021-11-26,100.488
2021-11-27,100.783
2021-11-28,100.866
2021-11-29,100.925
2021-11-30,100.859
2021-12-01,100.788
2021-12-02,100.997
2021-12-03,100.82
2021-12-04,101.167
2021-12-05,101.19
2021-12-06,101.229
2021-12-07,101.228
2021-12-08,101.526
2021-12-09,101.365
2021-12-10,101.328
2021-12-11,101.122
2021-12-12,101.495
2021-12-13,101.081
2021-12-14,101.413
2021-12-15,101.948
2021-12-16,101.852
2021-12-17,101.816
2021-12-18,101.765
2021-12-19,101.91
2021-12-20,102.42
2021-12-21,102.461
2021-12-22,102.403
2021-12-23,102.393
2021-12-24,102.58
2021-12-25,102.569
2021-12-26,102.375
2021-12-27,102.406
2021-12-28,102.603
2021-12-29,102.639
2021-12-30,102.874
2021-12-31,102.809
2022-01-01,102.544
2022-01-02,103.267
2022-01-03,102.73
2022-01-04,103.058
2022-01-05,102.967
2022-01-06,103.4
2022-01-07,103.339
2022-01-08,103.509
2022-01-09,103.047
2022-01-10,102.745
2022-01-11,103.568
2022-01-12,103.553
2022-01-13,103.768
2022-01-14,103.693
2022-01-15,103.95
2022-01-16,103.832
2022-01-17,103.941
2022-01-18,104.273
2022-01-19,104.124
2022-01-20,104.096
2022-01-21,104.273
2022-01-22,104.223
2022-01-23,104.562
2022-01-24,104.35
2022-01-25,105.033
2022-01-26,104.764
2022-01-27,104.877
2022-01-28,105.509
2022-01-29,104.986
2022-01-30,105.124
2022-01-31,104.807
2022-02-01,105.316
2022-02-02,105.258
2022-02-03,105.359
2022-02-04,105.432
2022-02-05,105.939
2022-02-06,105.405
2022-02-07,105.372
2022-02-08,105.758
2022-02-09,105.952
2022-02-10,106.009
2022-02-11,106.19
2022-02-12,106.388
2022-02-13,106.383
2022-02-14,106.411
2022-02-15,106.437
2022-02-16,106.464
2022-02-17,106.612
2022-02-18,106.8
2022-02-19,106.839
2022-02-20,107.044
2022-02-21,106.94
2022-02-22,107.293
2022-02-23,107.148
2022-02-24,107.498
2022-02-25,107.504
2022-02-26,107.727
2022-02-27,107.722
2022-02-28,107.678
2022-03-01,107.412
2022-03-02,107.33
2022-03-03,108.028
2022-03-04,108.136
2022-03-05,108.295
2022-03-06,108.293
2022-03-07,109.241
2022-03-08,108.444
2022-03-09,108.565
2022-03-10,108.719
2022-03-11,108.884
2022-03-12,108.747
2022-03-13,108.79
2022-03-14,108.666
2022-03-15,109.174
2022-03-16,109.304
2022-03-17,109.558
2022-03-18,109.653
2022-03-19,109.681
2022-03-20,109.562
2022-03-21,109.79
2022-03-22,109.99
2022-03-23,110.027
2022-03-24,110.045
2022-03-25,110.591
2022-03-26,110.325
2022-03-27,110.301
2022-03-28,110.853
2022-03-29,110.434
2022-03-30,110.796
2022-03-31,110.828
2022-04-01,111.1
2022-04-02,111.235
2022-04-03,111.167
2022-04-04,111.322
2022-04-05,111.641
2022-04-06,111.796
2022-04-07,111.822
2022-04-08,112.014
2022-04-09,112.277
2022-04-10,112.251
2022-04-11,112.18
2022-04-12,112.639
2022-04-13,112.896
2022-04-14,113.136
2022-04-15,113.116
2022-04-16,114.047
2022-04-17,114.097
2022-04-18,113.993
2022-04-19,114.361
2022-04-20,113.751
2022-04-21,113.963
2022-04-22,114.156
2022-04-23,114.289
2022-04-24,114.509
2022-04-25,114.202
2022-04-26,114.705
2022-04-27,114.903
2022-04-28,115.019
2022-04-29,115.148
2022-04-30,115.437
2022-05-01,115.673
2022-05-02,115.498
2022-05-03,115.799
2022-05-04,116.009
2022-05-05,115.983
2022-05-06,116.193
2022-05-07,116.391
2022-05-08,116.491
2022-05-09,116.658
2022-05-10,116.766
2022-05-11,117.092
2022-05-12,116.637
2022-05-13,117.026
2022-05-14,117.497
2022-05-15,117.79
2022-05-16,117.645
2022-05-17,117.972
2022-05-18,118.147
2022-05-19,118.022
2022-05-20,118.468
2022-05-21,118.592
2022-05-22,118.542
2022-05-23,118.385
2022-05-24,118.923
2022-05-25,119.069
2022-05-26,119.073
2022-05-27,119.519
2022-05-28,119.551
2022-05-29,119.659
2022-05-30,119.591
2022-05-31,120.059
2022-06-01,120.11
2022-06-02,120.267
2022-06-03,120.491
2022-06-04,120.725
2022-06-05,120.797
2022-06-06,120.622
2022-06-07,121.091
2022-06-08,121.445
2022-06-09,121.53
2022-06-10,121.552
2022-06-11,121.826
2022-06-12,121.79
2022-06-13,122.556
2022-06-14,122.777
2022-06-15,122.626
2022-06-16,123.032
2022-06-17,123.186
2022-06-18,122.956
2022-06-19,122.981
2022-06-20,123.296
2022-06-21,122.856
2022-06-22,123.602
2022-06-23,123.996
2022-06-24,124.045
2022-06-25,123.929
2022-06-26,124.337
2022-06-27,124.384
2022-06-28,124.735
2022-06-29,124.909
2022-06-30,125.177
2022-07-01,124.87
2022-07-02,125.778
2022-07-03,125.694
2022-07-04,125.518
2022-07-05,125.944
2022-07-06,126.049
2022-07-07,126.299
2022-07-08,126.611
2022-07-09,127.117
2022-07-10,126.858
2022-07-11,126.157
2022-07-12,127.367
2022-07-13,127.666
2022-07-14,127.925
2022-07-15,127.989
2022-07-16,128.022
2022-07-17,127.747
2022-07-18,127.502
2022-07-19,129.097
2022-07-20,129.13
2022-07-21,129.428
2022-07-22,129.576
2022-07-23,129.739
2022-07-24,129.285
2022-07-25,129.217
2022-07-26,130.632
2022-07-27,130.78
2022-07-28,130.833
2022-07-29,131.016
2022-07-30,131.271
2022-07-31,131.275
2022-08-01,131.604
2022-08-02,132.237
2022-08-03,132.472
2022-08-04,132.59
2022-08-05,132.844
2022-08-06,132.976
2022-08-07,133.456
2022-08-08,133.482
2022-08-09,133.785
2022-08-10,134.129
2022-08-11,134.084
2022-08-12,134.247
2022-08-13,134.814
2022-08-14,134.624
2022-08-15,134.533
2022-08-16,134.776
2022-08-17,135.409
2022-08-18,135.652
2022-08-19,135.978
2022-08-20,136.536
2022-08-21,136.131
2022-08-22,136.483
2022-08-23,136.743
2022-08-24,137.111
2022-08-25,137.271
2022-08-26,137.521
2022-08-27,138.182
2022-08-28,138.168
2022-08-29,138.956
2022-08-30,138.5
2022-08-31,138.534
2022-09-01,138.664
2022-09-02,139.286
2022-09-03,139.214
2022-09-04,139.332
2022-09-05,139.36
2022-09-06,139.827
2022-09-07,140.662
2022-09-08,140.769
2022-09-09,141.165
2022-09-10,139.923
2022-09-11,140.197
2022-09-12,140.944
2022-09-13,142.105
2022-09-14,142.548
2022-09-15,142.965
2022-09-16,143.225
2022-09-17,143.489
2022-09-18,143.562
2022-09-19,140.828
2022-09-20,144.332
2022-09-21,144.623
2022-09-22,145.027
2022-09-23,145.223
2022-09-24,145.618
2022-09-25,145.562
2022-09-26,146.21
2022-09-27,146.015
2022-09-28,146.667
2022-09-29,147.112
2022-09-30,147.08
2022-10-01,147.429
2022-10-02,147.379
2022-10-03,147.654
2022-10-04,148.236
2022-10-05,148.603
2022-10-06,148.881
2022-10-07,149.227
2022-10-08,149.428
2022-10-09,149.226
2022-10-10,150.229
2022-10-11,149.203
2022-10-12,150.755
2022-10-13,151.019
2022-10-14,151.364
2022-10-15,151.79
2022-10-16,151.697
2022-10-17,151.585
2022-10-18,152.528
2022-10-19,152.788
2022-10-20,153.273
2022-10-21,153.455
2022-10-22,153.84
2022-10-23,153.822
2022-10-24,153.684
2022-10-25,154.502
2022-10-26,155.071
2022-10-27,155.41
2022-10-28,155.663
2022-10-29,155.943
2022-10-30,155.994
2022-10-31,156.135
2022-11-01,156.86
2022-11-02,157.301
2022-11-03,157.654
2022-11-04,157.915
2022-11-05,157.946
2022-11-06,158.258
2022-11-07,158.762
2022-11-08,159.448
2022-11-09,159.707
2022-11-10,158.994
2022-11-11,160.35
2022-11-12,161.192
2022-11-13,160.401
2022-11-14,159.765
2022-11-15,161.934
2022-11-16,162.25
2022-11-17,162.639
2022-11-18,163.056
2022-11-19,162.899
2022-11-20,163.098
2022-11-21,163.306
2022-11-22,163.334
2022-11-23,164.343
2022-11-24,164.847
2022-11-25,165.316
2022-11-26,165.253
2022-11-27,165.266
2022-11-28,166.169
2022-11-29,166.675
2022-11-30,166.96
2022-12-01,167.489
2022-12-02,167.734
2022-12-03,168.208
2022-12-04,168.274
2022-12-05,168.127
2022-12-06,169.256
2022-12-07,169.59
2022-12-08,169.874
2022-12-09,169.808
2022-12-10,169.804
2022-12-11,169.873
2022-12-12,170.405
2022-12-13,171.169
2022-12-14,171.733
2022-12-15,172.088
2022-12-16,172.1
2022-12-17,172.228
2022-12-18,173.218
2022-12-19,172.761
2022-12-20,173.511
2022-12-21,173.939
2022-12-22,174.381
2022-12-23,174.631
2022-12-24,174.033
2022-12-25,174.034
2022-12-26,174.982
2022-12-27,174.086
2022-12-28,176.055
2022-12-29,176.123
2022-12-30,176.918
2022-12-31,176.382
2023-01-01,177.158
2023-01-02,176.828
2023-01-03,178.174
2023-01-04,178.369
2023-01-05,178.598
2023-01-06,178.946
2023-01-07,178.948
2023-01-08,179.338
2023-01-09,179.171
2023-01-10,180.231
2023-01-11,180.41
2023-01-12,180.863
2023-01-13,181.051
2023-01-14,181.06
2023-01-15,181.042
2023-01-16,181.386
2023-01-17,182.18
2023-01-18,182.481
2023-01-19,183.044
2023-01-20,183.198
2023-01-21,183.233
2023-01-22,183.449
2023-01-23,183.474
2023-01-24,184.756
2023-01-25,184.526
2023-01-26,185.345
2023-01-27,185.415
2023-01-28,185.772
2023-01-29,185.577
2023-01-30,185.814
2023-01-31,186.758
2023-02-01,187.134
2023-02-02,187.484
2023-02-03,187.987
2023-02-04,187.496
2023-02-05,187.944
2023-02-06,188.222
2023-02-07,189.101
2023-02-08,189.663
2023-02-09,189.895
2023-02-10,190.296
2023-02-11,190.043
2023-02-12,190.361
2023-02-13,190.634
2023-02-14,191.719
2023-02-15,192.124
2023-02-16,192.332
2023-02-17,193.877
2023-02-18,192.632
2023-02-19,192.723
2023-02-20,191.579
2023-02-21,193.004
2023-02-22,193.181
2023-02-23,194.854
2023-02-24,195.467
2023-02-25,195.056
2023-02-26,195.238
2023-02-27,195.775
2023-02-28,196.868
2023-03-01,196.869
2023-03-02,197.547
2023-03-03,197.876
2023-03-04,198.121
2023-03-05,198.253
2023-03-06,198.426
2023-03-07,199.397
2023-03-08,199.861
2023-03-09,199.977
2023-03-10,200.705
2023-03-11,201.012
2023-03-12,201.359
2023-03-13,199.929
2023-03-14,201.391
2023-03-15,202.885
2023-03-16,203.898
2023-03-17,204.361
2023-03-18,201.396
2023-03-19,200.102
2023-03-20,203.309
2023-03-21,206.494
2023-03-22,206.442
2023-03-23,206.969
2023-03-24,206.764
2023-03-25,205.692
2023-03-26,207.309
2023-03-27,205.613
2023-03-28,207.837
2023-03-29,208.055
2023-03-30,208.438
2023-03-31,208.71
2023-04-01,208.575
2023-04-02,208.637
2023-04-03,210.06
2023-04-04,210.418
2023-04-05,211.029
2023-04-06,211.273
2023-04-07,211.428
2023-04-08,210.044
2023-04-09,209.988
2023-04-10,211.334
2023-04-11,212.517
2023-04-12,213.983
2023-04-13,214.394
2023-04-14,215.043
2023-04-15,213.607
2023-04-16,213.249
2023-04-17,215.602
2023-04-18,216.688
2023-04-19,217.022
2023-04-20,217.757
2023-04-21,218.068
2023-04-22,216.603
2023-04-23,216.782
2023-04-24,218.65
2023-04-25,220.382
2023-04-26,221.204
2023-04-27,221.591
2023-04-28,222.309
2023-04-29,220.65
2023-04-30,220.685
2023-05-01,221.777
2023-05-02,222.559
2023-05-03,224.928
2023-05-04,225.254
2023-05-05,225.81
2023-05-06,222.818
2023-05-07,222.728
2023-05-08,226.508
2023-05-09,227.809
2023-05-10,227.831
2023-05-11,228.48
2023-05-12,228.953
2023-05-13,227.74
2023-05-14,228.424
2023-05-15,230.145
2023-05-16,231.018
2023-05-17,231.162
2023-05-18,231.474
2023-05-19,231.968
2023-05-20,232.537
2023-05-21,231.53
2023-05-22,231.673
2023-05-23,234.364
2023-05-24,234.942
2023-05-25,235.639
2023-05-26,235.663
2023-05-27,235.772
2023-05-28,235.649
2023-05-29,236.25
2023-05-30,238.369
2023-05-31,238.912
2023-06-01,239.559
2023-06-02,240.264
2023-06-03,240.5
2023-06-04,241.202
2023-06-05,242.389
2023-06-06,242.823
2023-06-07,243.308
2023-06-08,243.498
2023-06-09,244.353
2023-06-10,244.743
2023-06-11,244.436
2023-06-12,244.779
2023-06-13,246.822
2023-06-14,246.86
2023-06-15,247.716
2023-06-16,248.255
2023-06-17,248.429
2023-06-18,248.315
2023-06-19,248.503
2023-06-20,249.338
2023-06-21,249.075
2023-06-22,252.103
2023-06-23,252.79
2023-06-24,252.172
2023-06-25,252.215
2023-06-26,252.566
2023-06-27,254.473
2023-06-28,255.176
2023-06-29,255.732
2023-06-30,256.328
2023-07-01,256.398
2023-07-02,256.549
2023-07-03,254.65
2023-07-04,257.892
2023-07-05,259.185
2023-07-06,259.345
2023-07-07,260.378
2023-07-08,260.805
2023-07-09,260.836
2023-07-10,258.529
2023-07-11,262.573
2023-07-12,263.247
2023-07-13,264.101
2023-07-14,264.477
2023-07-15,264.776
2023-07-16,263.889
2023-07-17,265.195
2023-07-18,266.696
2023-07-19,267.625
2023-07-20,268.212
2023-07-21,268.642
2023-07-22,269.305
2023-07-23,269.176
2023-07-24,268.622
2023-07-25,271.044
2023-07-26,271.533
2023-07-27,272.665
2023-07-28,272.964
2023-07-29,273.142
2023-07-30,273.15
2023-07-31,272.289
2023-08-01,275.222
2023-08-02,276.156
2023-08-03,277.16
2023-08-04,277.699
2023-08-05,278.575
2023-08-06,279.017
2023-08-07,276.17
2023-08-08,282.852
2023-08-09,284.103
2023-08-10,285.092
2023-08-11,285.86
2023-08-12,286.618
2023-08-13,287.146
2023-08-14,287.305
